"Timestamp","Extractor","Journal","info_found","policy_location","policy_text1","policy_URL1","policy_text2","policy_URL2","replications_mention","replication_policy_mentions","accept_category_mentions","replication_policy_not","accept_category_not","novelty","novelty_text","novelty_URL","Translation","JIF"
2025-07-03 11:46:31.144,"MP","acta amazonica","No",NA,NA,NA,NA,NA,NA,NA,NA,NA,NA,"No",NA,NA,NA,"0.7"
2025-06-13 16:28:00.843,"LC","acta ecologica sinica","No",NA,NA,NA,NA,NA,NA,NA,NA,NA,NA,"Yes","Ecological Frontiers publishes novel research in ecology, promotes the exchange and cooperation of ecologists and ecological research between developing and developed countries./ We particularly welcome reviews on recent developments in ecology, novel experimental studies, and short communications, new theories, methodologies, new techniques, book reviews, and research news and laboratory introductions.","https://www.sciencedirect.com/journal/ecological-frontiers/about/aims-and-scope",NA,"4.7"
2025-06-25 21:27:15.182,"LC","acta oecologica-international journal of ecology","No",NA,NA,NA,NA,NA,NA,NA,NA,NA,NA,"No",NA,NA,NA,"1.3"
2025-06-13 09:25:28.766,"LC","african journal of ecology","No",NA,NA,NA,NA,NA,NA,NA,NA,NA,NA,"Yes","Research Article (5000 word limit, exclusive of tables, figures and references) – this is the core part of the Journal, containing original research results placed in the context of ecological or conservation theory, and should fundamentally advance and/or change our understanding of ecological principles or of ecological scenarios in Africa.",NA,NA,"1.1"
2025-06-13 16:22:36.13,"LC","african journal of range & forage science","Yes","Journal Author instructions/guidelines, Accepted article types","Research papers should not report work that simply followed well-established protocols and report familiar findings without some context that adds novelty (e.g. results for subhumid areas that are different to previous work done in arid areas).","https://www.nisc.co.za/media/docs/140854944420.pdf","Research Notes: papers reporting descriptive findings or based on routine protocols that provide valuable case studies but lack novelty;","https://www.nisc.co.za/media/docs/140854944420.pdf","No",NA,NA,"Accept with neutral/no position","Special article type","Yes","Papers are evaluated on the quality and originality of the material and its interest to our reader-ship","https://www.nisc.co.za/media/docs/140854944420.pdf",NA,"1.4"
2025-07-03 10:58:51.289,"MP","african journal of wildlife research","No",NA,NA,NA,NA,NA,NA,NA,NA,NA,NA,"No",NA,NA,NA,"0.8"
2025-07-03 11:15:55.454,"MP","agriculture ecosystems & environment","No",NA,NA,NA,NA,NA,NA,NA,NA,NA,NA,"Yes","Agriculture, Ecosystems & Environment publishes novel, high impact research conducted at various spatial scales - from experimental plots and field trials to farm-, agroecosystem- and landscape-level investigations - with preference given to hypothesis-based and/or data-rich investigations. We particularly encourage broadly significant studies of agroecosystems that deal with cross-scale interactions, bridge scientific disciplines or integrate new knowledge and perspectives relevant to agroecosystem management or agri-environmental policies. / Highlights are a short collection of bullet points that should capture the novel results of your research as well as any new methods used during your study.","https://www.sciencedirect.com/journal/agriculture-ecosystems-and-environment/about/aims-and-scope / https://www.sciencedirect.com/journal/agriculture-ecosystems-and-environment/publish/guide-for-authors",NA,"6.0"
2025-07-03 10:42:16.144,"MP","american journal of biological anthropology","No",NA,NA,NA,NA,NA,NA,NA,NA,NA,NA,"No",NA,NA,NA,"1.7"
2025-07-03 11:55:45.655,"MP","american journal of physical anthropology","No",NA,NA,NA,NA,NA,NA,NA,NA,NA,NA,"No",NA,NA,NA,"2.6"
2025-06-20 11:44:18.877,"LC","american naturalist","No",NA,NA,NA,NA,NA,NA,NA,NA,NA,NA,"Yes","Its goals are to publish articles that are of broad interest to the readership, pose new and significant problems, introduce novel subjects, develop conceptual unification, and change the way people think. / Thus, the journal welcomes manuscripts that develop new conceptual syntheses, pose new and significant problems, introduce novel subjects to the readership, or change the way people think about a topic. Manuscripts are evaluated for their interest to the broad international readership of researchers in organismal biology.","https://www.journals.uchicago.edu/journals/an/instruct",NA,"2.4"
2025-06-12 15:35:03.884,"LC","animal biotelemetry","Yes","Accepted article types","When smaller data sets or data from small sample sizes are presented that may extend previously published research, or that may report on additional controls, confirmatory findings, negative results or small-scale pilot studies with limited sample size, then the Case Report short article type (previously called ‘Telemetry case report’) should be considered.","https://animalbiotelemetry.biomedcentral.com/submission-guidelines/preparing-your-manuscript/research",NA,NA,"No",NA,NA,"Accept with neutral/no position","Special article type","No",NA,NA,NA,"2.4"
2025-07-03 11:36:59.247,"MP","animal conservation","No",NA,NA,NA,NA,NA,NA,NA,NA,NA,NA,"Yes","Animal Conservation provides a forum for rapid publication of novel, peer-reviewed research into the conservation of animal species and their habitats. / A central theme is to publish important new ideas of broad interest and with findings that advance the scientific basis of conservation. / Abstract of not more than 300 words which should list the main results and conclusions. The abstract should also explain the importance of the paper in a way that is accessible to non-specialists and should describe the novel aspects of the research and highlight the relevance of the findings to other taxa, conservation practice or policy, or general principles in conservation biology.","https://zslpublications.onlinelibrary.wiley.com/hub/journal/14691795/aims-and-scope/read-full-aims-and-scope / https://zslpublications.onlinelibrary.wiley.com/hub/journal/14691795/about/author-guidelines",NA,"2.8"
2025-06-23 15:42:40.53,"LC","annales zoologici fennici","No",NA,NA,NA,NA,NA,NA,NA,NA,NA,NA,"No",NA,NA,NA,"0.9"
2025-06-12 13:53:20.776,"LC","annual review of ecology evolution and systematics","Out of scope for this journal",NA,NA,NA,NA,NA,NA,NA,NA,NA,NA,"No",NA,NA,NA,"11.2"
2025-07-03 10:01:44.223,"MP","anthropological science","No",NA,NA,NA,NA,NA,NA,NA,NA,NA,NA,"No",NA,NA,NA,"1.9"
2025-06-12 17:57:11.052,"LC","aob plants","Yes","About the journal (e.g. aims and scope)","We leave judgements about the importance and impact of published works to the scientific community, and we welcome any outputs that are performed rigorously and explained clearly and which represent substantive contribution to knowledge, including:

experimental, theoretical, descriptive, and confirmatory studies, including negative results;","https://academic.oup.com/aobpla/pages/General_Instructions#Aims,%20Scope%20And%20Ethos",NA,NA,"No",NA,NA,"Accept and encourage","Generally accepts","Yes","In order to be published in AoBP, a paper must substantially advance fundamental knowledge and/or understanding in an area closely related to one of the journal's Sections. Purely descriptive studies are welcome in principle, but must compensate with an element of breadth and/or depth by providing unusually rich and novel observations likely to lead to new insights in future work.","https://academic.oup.com/aobpla/pages/General_Instructions#Aims,%20Scope%20And%20Ethos",NA,"2.6"
2025-07-03 12:47:26.293,"MP","applied ecology and environmental research","No",NA,NA,NA,NA,NA,NA,NA,NA,NA,NA,"No",NA,NA,NA,"0.6"
2025-06-22 20:11:02.366,"LC","applied vegetation science","No",NA,NA,NA,NA,NA,NA,NA,NA,NA,NA,"No",NA,NA,NA,"2.0"
2025-06-13 11:27:53.956,"LC","aquatic ecology","No",NA,NA,NA,NA,NA,NA,NA,NA,NA,NA,"No",NA,NA,NA,"1.7"
2025-07-03 13:09:22.971,"MP","aquatic invasions","No",NA,NA,NA,NA,NA,NA,NA,NA,NA,NA,"No","Covering letter (Word 2007 file): as part of the process of submission, authors are also kindly requested to provide an electronic covering letter to editors of Aquatic Invasions, explaining why the work is novel, topical (under the scope of the journal - please check at the Journal Information page) and of broad international interest.",NA,NA,"2.2"
2025-07-03 13:07:25.506001,"MP","aquatic microbial ecology","No",NA,NA,NA,NA,NA,NA,NA,NA,NA,NA,"Yes","Research Article:	Describing novel research / Note: Brief report on novel findings not warranting a full Research Article but significant enough for publication / Emphasize timeliness and novel aspects of the work (this is particularly important for Notes)","https://www.int-res.com/for-authors/author-guidelines",NA,"1.7"
2025-07-03 12:12:31.201,"MP","arctic science","No",NA,NA,NA,NA,NA,NA,NA,NA,NA,NA,"No","Perspective: A focussed, well-argued article that presents a novel idea or perspective that challenges current thinking on Arctic science issues.","https://cdnsciencepub.com/journal/as/authors#guidelines",NA,"2.7"
2025-06-23 17:33:38.056,"LC","arid ecosystems","No",NA,NA,NA,NA,NA,NA,NA,NA,NA,NA,"No",NA,NA,NA,"0.6"
2025-06-16 11:00:10.43,"LC","austral ecology","No",NA,NA,NA,NA,NA,NA,NA,NA,NA,NA,"No",NA,NA,NA,"1.6"
2025-07-03 11:48:09.742,"MP","australian systematic botany","No",NA,NA,NA,NA,NA,NA,NA,NA,NA,NA,"No",NA,NA,NA,"1.5"
2025-06-26 15:36:48.038,"LC","basic and applied ecology","No",NA,NA,NA,NA,NA,NA,NA,NA,NA,NA,"No",NA,NA,NA,"3.0"
2025-07-03 10:51:20.787,"MP","behavioral ecology","No",NA,NA,NA,NA,NA,NA,NA,NA,NA,NA,"No",NA,NA,NA,"2.5"
2025-06-12 16:05:29.409,"LC","behavioral ecology and sociobiology","No",NA,NA,NA,NA,NA,NA,NA,NA,NA,NA,"Yes","Original Papers must present scientific results that are essentially new and should be structured according to the guidelines.","https://link.springer.com/journal/265/submission-guidelines",NA,"1.9"
2025-06-23 14:43:37.208,"LC","biochemical systematics and ecology","No",NA,NA,NA,NA,NA,NA,NA,NA,NA,NA,"No",NA,NA,NA,"1.4"
2025-07-02 07:25:41.039,"MP","biodiversity and conservation","No",NA,NA,NA,NA,NA,NA,NA,NA,NA,NA,"No",NA,NA,NA,"3.0"
2025-06-22 21:56:35.686,"LC","biogeosciences","No",NA,NA,NA,NA,NA,NA,NA,NA,NA,NA,"No",NA,NA,NA,"3.9"
2025-07-03 11:04:07.959,"MP","biological conservation","Yes","Journal Author instructions/guidelines","Short communications highlight both novel research and replication studies that report preliminary findings that are particularly compelling and highly relevant to conservation science and practice. If submitting a replication study, please include in your cover letter the rationale for undertaking the study. Short communications should not exceed 4,000 words.","https://www.sciencedirect.com/journal/biological-conservation/publish/guide-for-authors",NA,NA,"Yes","Accept with neutral/no position","Special article type",NA,NA,"No",NA,NA,NA,"4.9"
2025-07-03 10:44:40.948,"MP","biological invasions","No",NA,NA,NA,NA,NA,NA,NA,NA,NA,NA,"Yes","Novel empirical and theoretical research on topics in invasion biology, such as ecological consequences of invasions (including changes in community and ecosystem structure and processes), factors that influence transport, establishment, and spread of invasions, mechanisms that control the abundance and distribution of invasive species, biogeography, genetics of invaders (as genetics casts light on processes and pathways of invasions), dispersal vectors, evolutionary consequences of invasions in both historical and geological time, innovative management techniques, and analytical syntheses and overviews of invasive biotas. Authors must, in their cover letters, explain how the reported research is novel and exciting.","https://link.springer.com/journal/10530/submission-guidelines",NA,"2.8"
2025-07-03 12:01:07.241,"MP","biological journal of the linnean society","No",NA,NA,NA,NA,NA,NA,NA,NA,NA,NA,"Yes","The Biological Journal of the Linnean Society is the Linnean Society’s longest standing journal. It publishes novel research of biological significance (up to a maximum of 12,000 words). / We welcome manuscripts of four types: critical reviews of topical and/or contentious areas in evolutionary biology (~9000 words), full original articles reporting the findings of original research (~9000 words), short original articles presenting concise original research (limit 3500 words and normally no more than two figures and two tables), and comments on papers published in the Journal or presenting novel ideas relating to the wider literature (limit 3000 words).","https://academic.oup.com/biolinnean/pages/About / https://academic.oup.com/biolinnean/pages/General_Instructions",NA,"2.0"
2025-06-17 12:53:11.033,"LC","biology letters","Yes","Journal Author instructions/guidelines, Accepted article types","The mission of Biology Letters is to publish short, innovative articles from across the biological sciences that will benefit from rapid publication. Through the publication of outstanding and internationally important work (including replication studies), we aim to create a forum that scientists will use to inform their research.","https://royalsocietypublishing.org/rsbl/for-authors#question1",NA,NA,"Yes","Accept with neutral/no position","Generally accepts",NA,NA,"No",NA,NA,NA,"2.8"
2025-07-03 12:41:26.909,"MP","biosystems diversity","No",NA,NA,NA,NA,NA,NA,NA,NA,NA,NA,"Yes","Biosystems Diversity focuses on good-quality research, reporting scientifically sound observations and valid conclusions, which bring new and important information to the attention of the wider international scientific community.","https://ecology.dp.ua/index.php/ECO/aims-and-scope",NA,"0.7"
2025-07-02 07:21:55.757,"MP","biotropica","No",NA,NA,NA,NA,NA,NA,NA,NA,NA,NA,"No",NA,NA,NA,"1.8"
2025-06-12 21:25:23.385,"LC","bmc ecology and evolution","No",NA,NA,NA,NA,NA,NA,NA,NA,NA,NA,"No",NA,NA,NA,"2.3"
2025-06-24 08:31:29.001999,"JP","bulletin of the american museum of natural history","No",NA,NA,NA,NA,NA,NA,NA,NA,NA,NA,"Yes","Bulletin of the American Museum of Natural History has been published continuously since 1881. It contains new discoveries in the field of natural sciences relating to zoology, paleontology, and geology.","https://bioone.org/journals/bulletin-of-the-american-museum-of-natural-history/author-guidelines",NA,"5.1"
2025-06-12 12:44:39.219,"LC","bulletin of the peabody museum of natural history","No",NA,NA,NA,NA,NA,NA,NA,NA,NA,NA,"No",NA,NA,NA,"2.2"
2025-07-03 11:23:49.19,"MP","chemistry and ecology","No",NA,NA,NA,NA,NA,NA,NA,NA,NA,NA,"No",NA,NA,NA,"1.3"
2025-07-03 11:17:36.054,"MP","chemoecology","No",NA,NA,NA,NA,NA,NA,NA,NA,NA,NA,"No",NA,NA,NA,"1.6"
2025-06-12 12:49:49.415,"LC","cladistics","No",NA,NA,NA,NA,NA,NA,NA,NA,NA,NA,"Yes","publishes novel conceptual and empirical papers on systematics, including applications of cladistic methodology to medicine, linguistics and other fields.","https://onlinelibrary.wiley.com/page/journal/10960031/homepage/forauthors.html#ToC2",NA,"3.9"
2025-07-03 10:54:10.765,"MP","community ecology","No",NA,NA,NA,NA,NA,NA,NA,NA,NA,NA,"No",NA,NA,NA,"1.2"
2025-06-15 21:21:00.877,"LC","compost science & utilization","No",NA,NA,NA,NA,NA,NA,NA,NA,NA,NA,"No",NA,NA,NA,"2.0"
2025-06-20 16:05:35.676,"LC","conservation biology","No",NA,NA,NA,NA,NA,NA,NA,NA,NA,NA,"Yes","Conservation Biology welcomes submissions that develop new theory and methods, define key problems, and propose solutions","https://conbio.onlinelibrary.wiley.com/hub/journal/15231739/homepage/forauthors.html",NA,"5.2"
2025-06-13 12:17:48.084,"LC","conservation physiology","No",NA,NA,NA,NA,NA,NA,NA,NA,NA,NA,"No",NA,NA,NA,"2.6"
2025-07-03 11:39:14.828,"MP","contemporary problems of ecology","No",NA,NA,NA,NA,NA,NA,NA,NA,NA,NA,"No",NA,NA,NA,"0.7"
2025-06-24 21:53:04.868,"LC","current opinion in insect science","Out of scope for this journal",NA,NA,NA,NA,NA,NA,NA,NA,NA,NA,"No",NA,NA,NA,"5.8"
2025-07-03 10:07:50.081,"MP","czech polar reports","No",NA,NA,NA,NA,NA,NA,NA,NA,NA,NA,"No",NA,NA,NA,"0.5"
2025-07-03 09:58:26.317,"MP","development genes and evolution","No",NA,NA,NA,NA,NA,NA,NA,NA,NA,NA,"No",NA,NA,NA,"0.8"
2025-07-03 12:08:49.354,"MP","diversity and distributions","No",NA,NA,NA,NA,NA,NA,NA,NA,NA,NA,"Yes","Submissions must derive novel insights from biogeographic patterns and processes and biodiversity status and trends. / What are the novel insights your manuscript provides into biogeographic patterns and processes, or on biodiversity status and trends?","https://onlinelibrary.wiley.com/page/journal/14724642/homepage/productinformation.html / https://onlinelibrary.wiley.com/page/journal/14724642/homepage/forauthors.html",NA,"4.6"
2025-06-12 12:54:22.336,"LC","diversity-basel","No",NA,NA,NA,NA,NA,NA,NA,NA,NA,NA,"No",NA,NA,NA,"2.1"
2025-06-13 11:52:53.428,"LC","eco mont-journal on protected mountain areas research","No",NA,NA,NA,NA,NA,NA,NA,NA,NA,NA,"No",NA,NA,NA,"0.7"
2025-06-22 18:10:06.241,"LC","ecography","Yes","About the journal (e.g. aims and scope)","Manuscripts merely confirming or marginally extending results of previous work are unlikely to be considered in Ecography.","https://www.ecography.org/authors/aims-scope",NA,NA,"No",NA,NA,"Accept but discourage","Generally accepts","Yes","ECOGRAPHY publishes exciting, novel, and important articles that significantly advance understanding of ecological or biodiversity patterns in space or time.","https://www.ecography.org/authors/aims-scope",NA,"5.4"
2025-07-03 11:07:51.605,"MP","ecohydrology","No",NA,NA,NA,NA,NA,NA,NA,NA,NA,NA,"No",NA,NA,NA,"2.5"
2025-06-16 10:24:02.185,"LC","ecohydrology & hydrobiology","No",NA,NA,NA,NA,NA,NA,NA,NA,NA,NA,"No",NA,NA,NA,"2.7"
2025-06-16 16:30:21.795,"LC","ecologia aplicada","No",NA,NA,NA,NA,NA,NA,NA,NA,NA,NA,"No",NA,NA,"Built in","0.4"
2025-07-02 06:13:15.06,"MP","ecological applications","No",NA,NA,NA,NA,NA,NA,NA,NA,NA,NA,"No",NA,NA,NA,"4.3"
2025-06-13 12:09:11.701,"LC","ecological complexity","Yes","Journal Author instructions/guidelines","[they ask that the cover letter address] What is the rationale for asking the question above?

[One acceptable option being] Testing the hypothesis is crucial (reconciling contradictory results, confirming validity of some tenets of theory or commonly accepted premises, or other reasons)","https://www.sciencedirect.com/journal/ecological-complexity/publish/guide-for-authors",NA,NA,"No",NA,NA,"Accept with neutral/no position","Generally accepts","Yes","In the spirit of the above table, the cover letter and the paper should state clearly: 
Novelty, at least one of:

solves a problem,

identifies a new problem,

uncovers links among separate concepts,

simplifies a complex issue,

adds eye-opening overview,

adds a new angle to a common concern/approach","https://www.sciencedirect.com/journal/ecological-complexity/publish/guide-for-authors",NA,"3.1"
2025-07-03 11:22:27.346,"MP","ecological economics","No",NA,NA,NA,NA,NA,NA,NA,NA,NA,NA,"No",NA,NA,NA,"6.6"
2025-06-13 11:19:58.633,"LC","ecological engineering","No",NA,NA,NA,NA,NA,NA,NA,NA,NA,NA,"Yes","Descriptions of specific applications of ecological engineering are acceptable only when situated within context of adding novelty to current research and emphasizing ecosystem restoration.","https://www.sciencedirect.com/journal/ecological-engineering/publish/guide-for-authors",NA,"3.9"
2025-06-12 12:35:28.88,"LC","ecological informatics","No",NA,NA,NA,NA,NA,NA,NA,NA,NA,NA,"Yes","It focuses on novel concepts and techniques for image- and genome-based monitoring and interpretation, sensor- and multimedia-based data acquisition, internet-based data archiving and sharing, data assimilation, modelling of ecological data, and uncertainty analysis.","https://www.sciencedirect.com/journal/ecological-informatics",NA,"5.9"
2025-06-13 15:55:38.156,"LC","ecological management & restoration","No",NA,NA,NA,NA,NA,NA,NA,NA,NA,NA,"No",NA,NA,NA,"1.9"
2025-07-03 12:38:14.222,"MP","ecological modelling","No",NA,NA,NA,NA,NA,NA,NA,NA,NA,NA,"Yes","Ecological Modelling publishes new mathematical models and systems analysis for describing ecological processes, and novel applications of models for environmental management. / Highlights are a short collection of bullet points that should capture the novel results of your research as well as any new methods used during your study.",NA,NA,"2.6"
2025-06-12 12:21:37.719,"LC","ecological monographs","No",NA,NA,NA,NA,NA,NA,NA,NA,NA,NA,"Yes","Ecological Monographs publishes comprehensive, integrative, and multifaceted papers representing major theoretical, empirical and/or methodological advances in the fields of ecology and evolution.","https://esajournals.onlinelibrary.wiley.com/hub/journal/15577015/author-guidelines#general-information",NA,"7.1"
2025-07-03 12:55:27.354,"MP","ecological processes","No",NA,NA,NA,NA,NA,NA,NA,NA,NA,NA,"No",NA,NA,NA,"4.6"
2025-06-14 08:30:02.425,"LC","ecological questions","No",NA,NA,NA,NA,NA,NA,NA,NA,NA,NA,"No",NA,NA,NA,"0.7"
2025-06-22 21:12:22.428,"LC","ecological research","No",NA,NA,NA,NA,NA,NA,NA,NA,NA,NA,"Yes","Notes and insights
 Word limit. Up to ca. 4000 words excluding references
 Description. Articles reporting preliminary but novel findings from original research that offer valuable insights into ecology.","https://esj-journals.onlinelibrary.wiley.com/hub/journal/14401703/homepage/forauthors",NA,"1.7"
2025-06-24 21:43:20.066,"LC","ecological restoration","No",NA,NA,NA,NA,NA,NA,NA,NA,NA,NA,"No",NA,NA,NA,"2.3"
2025-07-03 11:49:59.913,"MP","ecological solutions and evidence","No",NA,NA,NA,NA,NA,NA,NA,NA,NA,NA,"No",NA,NA,NA,"2.6"
2025-06-22 19:13:36.513,"LC","ecologies","Yes","Journal Author instructions/guidelines","Title: The title of your manuscript should be concise, specific and relevant. It should identify if the study reports (human or animal) trial data, or is a systematic review, meta-analysis or replication study.","https://www.mdpi.com/journal/ecologies/instructions",NA,NA,"Yes","Accept with neutral/no position","Generally accepts",NA,NA,"No",NA,NA,NA,"1.7"
2025-06-20 13:39:00.646,"LC","ecology","No",NA,NA,NA,NA,NA,NA,NA,NA,NA,NA,"No",NA,NA,NA,"4.4"
2025-07-03 12:30:44.287,"MP","ecology and evolution","Yes","Journal Author instructions/guidelines","Replication Experiments

Applying an experiment that was informative for another species to a new species results in great science, as it allows us to compare the results of the new study to previous iterations of the experiment—one study acts as context for the other. This approach often results in a series of papers from a research group. At Ecology and Evolution, we wish to foster reproducibility by asking authors of replicated experiments to fully reference the original iteration of their experiment. We also strongly suggest that authors number such papers (e.g. “The Effects of Climate Change on Food Production: study 1, Tomatoes,” and “The Effects of Climate Change on Food Production: study 2, Potatoes”) to help highlight the similarities and differences discovered during series work.","https://onlinelibrary.wiley.com/page/journal/20457758/homepage/forauthors.html",NA,NA,"Yes","Accept and encourage","Generally accepts",NA,NA,"No",NA,NA,NA,"2.3"
2025-06-12 11:21:37.419,"LC","ecology and society","No",NA,NA,NA,NA,NA,NA,NA,NA,NA,NA,"Yes","The journal seeks papers that are novel, integrative, and written in a way that is accessible to a wide audience that includes scientists and practitioners, from an array of disciplines from the natural sciences, social sciences, and the humanities concerned with the relationship between society and the life-supporting ecosystems on which human well-being ultimately depends.","https://ecologyandsociety.org/policies/",NA,"3.6"
2025-07-03 12:36:15.705,"MP","ecology letters","Yes","Journal Author instructions/guidelines, About the journal (e.g. aims and scope)","We discourage purely descriptive papers and those merely confirming or extending results of previous work.","https://onlinelibrary.wiley.com/page/journal/14610248/homepage/productinformation.html",NA,NA,"No",NA,NA,"Accept but discourage","Generally accepts","Yes","Ecology Letters is a forum for the very rapid publication of the most novel research in ecology. / Perspectives: novel essays for a general audience / Please note that at initial submission we still do require, for all manuscripts regardless of the format style, a novelty statement, a cover letter, and a title page including an authorship statement, a data statement, the number of words in abstract/main text and the number of figure/table/boxes. / Proposals should be no more than 300 words long, describe the nature and novelty of the work, and the contribution of the proposed article to the discipline. / The review criteria is based on the novelty and importance of the method. / Ecology Letters is particularly interested in novel essays expressing new perspective that will appeal to a wide ecological audience. / There is the same expectation for the novelty of Perspective as for Letter. / Synthesis articles are expected to be of broad interest to the readership of Ecology Letters, should focus on novel principles emerging over the past several years, and should include critical evaluation, synthesis, and/or prospects for future research directions. / The covering letter to the Editorial Office should succinctly describe why the enclosed work is novel, exciting and of general interest in ecology. Additionally, the covering letter should include a clear statement of exactly how the present manuscript is outstandingly novel relative to recent work by the author or coauthors cited in the present submission.","https://onlinelibrary.wiley.com/page/journal/14610248/homepage/productinformation.html / https://onlinelibrary.wiley.com/page/journal/14610248/homepage/forauthors.html",NA,"7.6"
2025-07-03 10:10:53.866,"MP","ecoscience","No",NA,NA,NA,NA,NA,NA,NA,NA,NA,NA,"No",NA,NA,NA,"1.3"
2025-06-11 15:41:50.443,"LC","ecosistemas","No",NA,NA,NA,NA,NA,NA,NA,NA,NA,NA,"No",NA,NA,"Built-in","0.8"
2025-06-12 13:55:41.726,"LC","ecosphere","Yes","About the journal (e.g. aims and scope)","Through our diverse subject tracks, we publish research relating to every area of ecology — including confirmatory and innovative research.","https://esajournals.onlinelibrary.wiley.com/journal/21508925",NA,NA,"No",NA,NA,"Accept with neutral/no position","Generally accepts","No",NA,NA,NA,"2.7"
2025-06-25 21:35:06.47,"LC","ecosystem health and sustainability","No",NA,NA,NA,NA,NA,NA,NA,NA,NA,NA,"No",NA,NA,NA,"4.2"
2025-06-22 19:22:04.069,"LC","ecosystem services","No",NA,NA,NA,NA,NA,NA,NA,NA,NA,NA,"No",NA,NA,NA,"6.1"
2025-06-22 20:07:59.072999,"LC","ecosystems","No",NA,NA,NA,NA,NA,NA,NA,NA,NA,NA,"No",NA,NA,NA,"3.4"
2025-06-12 18:03:06.105,"LC","ecosystems and people","No",NA,NA,NA,NA,NA,NA,NA,NA,NA,NA,"Yes","Research Papers are full-length articles that contain new and significant findings. The word count should be more than 4000 and no more than 8000 words.","https://www.tandfonline.com/action/authorSubmission?show=instructions&journalCode=tbsm22",NA,"3.5"
2025-06-12 19:26:16.815,"LC","ecotoxicology","No",NA,NA,NA,NA,NA,NA,NA,NA,NA,NA,"No",NA,NA,NA,"2.5"
2025-07-03 12:22:34.385,"MP","environmental biology of fishes","Yes","Journal Author instructions/guidelines","The journal will not consider submissions of limited international interest or lacking a substantial impact. In addition, papers that merely comprise data collections based on the use of routine analytical methods are not acceptable. Repetition of already published knowledge, simply applied to the local level, will not be considered, nor will papers that do not highlight and explain clearly the new science versus the current knowledge.","https://link.springer.com/journal/10641/submission-guidelines",NA,NA,"No",NA,NA,"Not accept",NA,"Yes","Original Papers are original manuscripts that contain new findings in research consistent with the Journal’s aims and scope.

This would include, but is not limited to, new research findings in the fields of ecology, life history, epigenetics, behavior, physiology, morphology and evolution of marine and freshwater fishes. Original Papers can include the presentation of new hypotheses and experiments, concepts or theories, development of innovative experimental or numerical methods, or novel applications of existing methods and models, as well as research exploring the relationship between fishes and their external and internal environments.","https://link.springer.com/journal/10641/submission-guidelines",NA,"1.4"
2025-06-12 15:55:07.127,"LC","european journal of soil biology","Yes","Journal Author instructions/guidelines, Accepted article types","Manuscripts must contain high-quality results with novelty in the field. However, we also welcome confirmatory studies that study any aspects of soil biology that are relevant to test and validate the importance of soil biodiversity.","https://www.sciencedirect.com/journal/european-journal-of-soil-biology/publish/guide-for-authors",NA,NA,"No",NA,NA,"Accept and encourage","Generally accepts","Yes","Manuscripts must contain high-quality results with novelty in the field. However, we also welcome confirmatory studies that study any aspects of soil biology that are relevant to test and validate the importance of soil biodiversity.","https://www.sciencedirect.com/journal/european-journal-of-soil-biology/publish/guide-for-authors",NA,"3.7"
2025-06-25 16:28:50.932,"LC","european journal of wildlife research","No",NA,NA,NA,NA,NA,NA,NA,NA,NA,NA,"Yes","Original Papers must present scientific results that are essentially new and that have not been published or are not being considered for publication elsewhere. / Reviews should cover a topic of current interest and present novel insights or conclusions. / Short Communications should also report novel results. / Technical Notes should describe novel techniques or methodological improvements for wildlife research in a broad sense, including molecular methods, remote surveillance, monitoring, capture and sampling methods, diagnostic tests, etc.","https://link.springer.com/journal/10344/submission-guidelines",NA,"1.8"
2025-06-13 15:46:21.261,"LC","evodevo","No",NA,NA,NA,NA,NA,NA,NA,NA,NA,NA,"No",NA,NA,NA,"4.1"
2025-07-03 12:32:42.643,"MP","evolution","No",NA,NA,NA,NA,NA,NA,NA,NA,NA,NA,"Yes","We particularly encourage Insights that demonstrate ways in which new observations or methods can pose or answer novel or previously intractable questions. / Demonstrating a well-established phenomenon in another taxon or context may fall short of being acceptable for the Journal.","https://academic.oup.com/evolut/pages/general-instructions",NA,"3.1"
2025-06-23 15:33:12.546,"LC","evolution & development","No",NA,NA,NA,NA,NA,NA,NA,NA,NA,NA,"No",NA,NA,NA,"2.6"
2025-06-22 19:58:47.513,"LC","evolution letters","No",NA,NA,NA,NA,NA,NA,NA,NA,NA,NA,"Yes","Evolution Letters publishes cutting-edge new research in all areas of evolutionary biology. Papers should demand rapid publication because they substantially advance the field, are of outstanding clarity and originality, or are of broad interest. Papers that introduce new analytical or methodological frameworks that are likely to be highly influential will also be considered.","https://academic.oup.com/evlett/pages/general-instructions#Scope",NA,"3.8"
2025-06-12 17:22:41.923,"LC","evolution medicine and public health","No",NA,NA,NA,NA,NA,NA,NA,NA,NA,NA,"Yes","To be considered for publication in EMPH , manuscripts must represent a substantial advance in terms of originality, relevance and timeliness.","https://academic.oup.com/emph/pages/Scope_And_Purpose",NA,"3.3"
2025-06-20 16:23:47.493,"LC","evolutionary applications","No",NA,NA,NA,NA,NA,NA,NA,NA,NA,NA,"Yes","Original articles - these papers report novel research projects that yield valuable insights into topics within our coverage.","https://onlinelibrary.wiley.com/page/journal/17524571/homepage/forauthors.html",NA,"3.5"
2025-06-13 15:51:02.152,"LC","evolutionary bioinformatics","No",NA,NA,NA,NA,NA,NA,NA,NA,NA,NA,"Yes","Research Articles should present novel work within the scope of the journal which represents an important advancement in knowledge or understanding.","https://journals.sagepub.com/author-instructions/EVB",NA,"1.7"
2025-07-03 11:20:19.491,"MP","evolutionary biology","No",NA,NA,NA,NA,NA,NA,NA,NA,NA,NA,"Yes","Authors are encouraged to submit papers presenting novel conceptual frameworks or major challenges to accepted ideas. / These reviews will define the direction of a field, build conceptual links between disciplines, or present novel conceptual frameworks within fields. They are not simple reviews in that a central argument or novel idea is essential in each paper.","https://link.springer.com/journal/11692/aims-and-scope / https://link.springer.com/journal/11692/submission-guidelines",NA,"1.9"
2025-06-24 20:53:27.012,"LC","evolutionary ecology","No",NA,NA,NA,NA,NA,NA,NA,NA,NA,NA,"Yes","Evolutionary Ecology seeks papers with a clear novelty. They should yield new insights into the effects of ecology on evolutionary processes and/or the effects of evolution on ecological processes. By ecology it is meant the interactions between organisms and their environment. The best papers should pose a new and significant problem (with empirical evidence) and change the way people think about the topic of the paper.","https://link.springer.com/journal/10682/aims-and-scope",NA,"1.8"
2025-07-03 12:49:13.775,"MP","evolutionary human sciences","No",NA,NA,NA,NA,NA,NA,NA,NA,NA,NA,"No",NA,NA,NA,"2.2"
2025-07-03 09:00:11.402,"MP","fire ecology","No",NA,NA,NA,NA,NA,NA,NA,NA,NA,NA,"No",NA,NA,NA,"3.6"
2025-06-20 13:01:22.348,"LC","fire-switzerland","Yes","Journal Author instructions/guidelines","Title: The title of your manuscript should be concise, specific and relevant. It should identify if the study reports (human or animal) trial data, or is a systematic review, meta-analysis or replication study.","http://mdpi.com/journal/fire/instructions",NA,NA,"Yes","Accept with neutral/no position","Generally accepts",NA,NA,"No",NA,NA,NA,"3.0"
2025-06-24 21:31:54.647,"LC","flora","No",NA,NA,NA,NA,NA,NA,NA,NA,NA,NA,"No",NA,NA,NA,"1.7"
2025-06-23 17:28:44.458001,"LC","folia oecologica","No",NA,NA,NA,NA,NA,NA,NA,NA,NA,NA,"No",NA,NA,NA,"0.9"
2025-07-03 11:33:56.947,"MP","food webs","Yes","Journal Author instructions/guidelines, Accepted article types","Research Papers should report the results of original research. The material should not have been previously published elsewhere. Articles are expected to contribute new information (e.g. novel methods of analysis with added new insights and impacts) to the knowledge base in the field, not just to confirm previously published work.","https://www.sciencedirect.com/journal/food-webs/publish/guide-for-authors",NA,NA,"No",NA,NA,"Not accept",NA,"Yes","Articles are expected to contribute new information (e.g. novel methods of analysis with added new insights and impacts) to the knowledge base in the field, not just to confirm previously published work. / Data-driven communications that detail novel feeding relationships, but are not extensive enough to warrant a full manuscript. All submissions will move through the same review process as full articles. / Highlights are a short collection of bullet points that should capture the novel results of your research as well as any new methods used during your study.","https://www.sciencedirect.com/journal/food-webs/publish/guide-for-authors",NA,"1.8"
2025-07-03 08:56:57.711,"MP","freshwater biology","No",NA,NA,NA,NA,NA,NA,NA,NA,NA,NA,"No",NA,NA,NA,"2.8"
2025-07-03 13:04:36.357,"MP","freshwater science","No",NA,NA,NA,NA,NA,NA,NA,NA,NA,NA,"No",NA,NA,NA,"1.7"
2025-06-26 09:10:50.679,"LC","frontiers in conservation science","Yes","Accepted article types","Original Research may also encompass confirming studies and disconfirming results which allow hypothesis elimination, reformulation and/or report on the non-reproducibility of previously published results./Additionally, in line with the Frontiers ethos of publishing scientifically-sound discoveries, Brief Research Reports also encourage submission of negative results and may report on the non-reproducibility of previously published results. /Registered Reports are peer-reviewed articles that present empirical qualitative or quantitative research (novel studies, replication studies, meta-analysis, analysis of existing data sets), outlining a proposed methodology and analysis which is pre-registered before data collection.","https://www.frontiersin.org/journals/conservation-science/for-authors/article-types",NA,NA,"Yes","Accept with neutral/no position","TOP 3: RR",NA,NA,"No",NA,NA,NA,"1.9"
2025-06-23 16:38:13.991,"LC","frontiers in ecology and evolution","Yes","Accepted article types","Original Research may also encompass confirming studies and disconfirming results which allow hypothesis elimination, reformulation and/or report on the non-reproducibility of previously published results. /Brief Research Report articles present original research and/or preliminary findings in a more succinct way, and with fewer details, than Original Research articles. Additionally, in line with the Frontiers ethos of publishing scientifically-sound discoveries, Brief Research Reports also encourage submission of negative results and may report on the non-reproducibility of previously published results.","https://www.frontiersin.org/journals/ecology-and-evolution/for-authors/article-types",NA,NA,"No",NA,NA,"Accept with neutral/no position","Generally accepts","No",NA,NA,NA,"2.4"
2025-07-03 11:42:20.612,"MP","frontiers in ecology and the environment","No",NA,NA,NA,NA,NA,NA,NA,NA,NA,NA,"Yes","Known for clearly articulated, novel research, Frontiers in Ecology and the Environment publishes interdisciplinary, problem-oriented articles. / Research Communications are relatively short, novel, high-impact papers that showcase primary research and clearly demonstrate the importance and application of ecological and related environmental science to conservation, management, or policy making.","https://esajournals.onlinelibrary.wiley.com/journal/15409309 / https://esajournals.onlinelibrary.wiley.com/hub/journal/15409309/resources/author-guidelines-FEE",NA,"10.0"
2025-06-13 10:57:09.937,"LC","frontiers in forests and global change","Yes","Accepted article types","Original Research may also encompass confirming studies and disconfirming results which allow hypothesis elimination, reformulation and/or report on the non-reproducibility of previously published results.","https://www.frontiersin.org/journals/forests-and-global-change/for-authors/article-types",NA,NA,"No",NA,NA,"Accept with neutral/no position","Generally accepts","No",NA,NA,NA,"2.7"
2025-06-13 10:29:49.718,"LC","functional ecology","No",NA,NA,NA,NA,NA,NA,NA,NA,NA,NA,"Yes","Functional Ecology publishes papers that significantly advance our mechanistic understanding of ecological pattern and process from the organismic to the ecosystem scale","https://besjournals.onlinelibrary.wiley.com/hub/journal/13652435/aims-and-scope/read-full-aims-and-scope",NA,"4.6"
2025-07-03 08:47:30.92,"MP","fungal ecology","No",NA,NA,NA,NA,NA,NA,NA,NA,NA,NA,"Yes","The usual prerequisites for publication will be originality, clarity, and significance as relevant to a better understanding of the ecology of fungi.","https://www.sciencedirect.com/journal/fungal-ecology/publish/guide-for-authors",NA,"1.9"
2025-06-12 20:39:21.109,"LC","genome biology and evolution","No",NA,NA,NA,NA,NA,NA,NA,NA,NA,NA,"Yes","Papers considered for publication report novel evolutionary findings that concern natural genome diversity, population genomics, the structure, function, organisation and expression of genomes, comparative genomics, proteomics, and environmental genomic interactions. Major evolutionary insights from the fields of computational biology, structural biology, developmental biology, and cell biology are also considered, as are theoretical advances in the field of genome evolution","https://academic.oup.com/gbe/pages/About",NA,"3.1"
2025-06-22 20:04:48.543,"LC","global change biology","No",NA,NA,NA,NA,NA,NA,NA,NA,NA,NA,"Yes","Global Change Biology exists to promote new understanding of the interface between biological systems and all aspects of environmental change that affects a substantial part of the globe. /Studies may employ theoretical, modeling, analytical, experimental, observational, and historical approaches and should be exploratory rather than confirmatory.","https://onlinelibrary.wiley.com/page/journal/13652486/homepage/forauthors.html#3",NA,"10.8"
2025-07-03 12:24:57.963,"MP","global ecology and biogeography","No",NA,NA,NA,NA,NA,NA,NA,NA,NA,NA,"No",NA,NA,NA,"6.3"
2025-06-15 20:44:54.389,"LC","global ecology and conservation","Yes","Accepted article types","Research articles contribute to the foundation of scientific knowledge, and can include interdisciplinary, replication studies, and negative or null results.","https://www.sciencedirect.com/journal/global-ecology-and-conservation/publish/guide-for-authors",NA,NA,"Yes","Accept with neutral/no position","Generally accepts",NA,NA,"No",NA,NA,NA,"3.5"
2025-06-14 08:24:22.066,"LC","hacquetia","No",NA,NA,NA,NA,NA,NA,NA,NA,NA,NA,"No",NA,NA,NA,"0.6"
2025-06-24 21:40:23.503,"LC","heredity","No",NA,NA,NA,NA,NA,NA,NA,NA,NA,NA,"No",NA,NA,NA,"3.1"
2025-06-17 17:17:38.385,"LC","human-wildlife interactions","No",NA,NA,NA,NA,NA,NA,NA,NA,NA,NA,"No",NA,NA,NA,"0.9"
2025-06-25 16:46:59.837,"LC","ideas in ecology and evolution","Out of scope for this journal",NA,NA,NA,NA,NA,NA,NA,NA,NA,NA,"Yes","The central mission of this journal is to provide a rapidly published repository for cutting-edge novel thinking and opinion-pieces—to serve effectively as a ‘catalogue' for modellers and empiricists, as well as for educators and the media, from which they can ‘shop' for original ideas and hypotheses that have been subjected to critical evaluation and response by professional biologists, and that are available to be explored, debated and tested.","https://ojs.library.queensu.ca/index.php/IEE/about",NA,"0.2"
2025-06-12 15:32:21.797999,"LC","insect systematics & evolution","No",NA,NA,NA,NA,NA,NA,NA,NA,NA,NA,"No",NA,NA,NA,"1.3"
2025-06-25 21:47:41.476,"LC","integrative organismal biology","No",NA,NA,NA,NA,NA,NA,NA,NA,NA,NA,"No",NA,NA,NA,"2.2"
2025-06-17 14:23:18.108,"LC","interciencia","No",NA,NA,NA,NA,NA,NA,NA,NA,NA,NA,"No",NA,NA,"Built in","0.4"
2025-07-03 09:03:17.244,"MP","international journal for parasitology-parasites and wildlife","No",NA,NA,NA,NA,NA,NA,NA,NA,NA,NA,"No",NA,NA,NA,"2.0"
2025-06-20 13:54:20.912,"LC","international journal of ecology & development","No",NA,NA,NA,NA,NA,NA,NA,NA,NA,NA,"No",NA,NA,NA,"0.2"
2025-07-03 11:13:05.233,"MP","international journal of sustainable development and world ecology","No",NA,NA,NA,NA,NA,NA,NA,NA,NA,NA,"Yes","The International Journal of Sustainable Development & World Ecology is a interdisciplinary journal for publishing cutting-edge research with novel concepts and broad significance on socioeconomic and environmental sustainability on the Earth.","https://www.tandfonline.com/journals/tsdw20/about-this-journal#aims-and-scope",NA,"6.5"
2025-06-13 12:53:15.171,"LC","invertebrate systematics","No",NA,NA,NA,NA,NA,NA,NA,NA,NA,NA,"No",NA,NA,NA,"1.8"
2025-06-13 14:33:25.574,"LC","isme communications","Yes","Journal Author instructions/guidelines","The following studies will be considered out of scope: Studies that lack novelty per se, but provide independent replication / expansion of earlier studies","https://academic.oup.com/ismecommun/pages/general-instructions",NA,NA,"Yes","Not accept",NA,NA,NA,"Yes","The journal encourages contributions that offer substantial advances in the study of microbial ecosystems, communities, and interactions of microorganisms in the environment. Focus will be on innovative studies that report on new methodologies in","https://academic.oup.com/ismecommun/pages/general-instructions",NA,"5.2"
2025-06-12 14:57:53.159,"LC","isme journal","No",NA,NA,NA,NA,NA,NA,NA,NA,NA,NA,"Yes","When contemplating submission to The ISME Journal one should consider:

Is the research novel and does it represent a major advance for microbial ecology?
Does the work fit within the ecology-focused scope of our journal? 
Has the research been conducted with state-of-the-art approaches? 
If the answer to these questions is yes, the study may well be appropriate for The ISME Journal, regardless of the system being studied.","https://academic.oup.com/ismej/pages/general-instructions#Article%20types",NA,"10.8"
2025-07-03 12:46:42.592,"MP","israel journal of ecology & evolution","No",NA,NA,NA,NA,NA,NA,NA,NA,NA,NA,"No",NA,NA,NA,"1.3"
2025-06-12 12:42:07.4,"LC","journal for nature conservation","No",NA,NA,NA,NA,NA,NA,NA,NA,NA,NA,"No",NA,NA,NA,"2.2"
2025-06-12 17:13:56.88,"LC","journal of animal ecology","No",NA,NA,NA,NA,NA,NA,NA,NA,NA,NA,"Yes","We publish innovative and significant work and welcome papers that advance the development of ecological theory or methodologies, generate ecological insights beyond the specific study system, or address broad or pressing ecological questions.","https://besjournals.onlinelibrary.wiley.com/journal/13652656",NA,"3.5"
2025-06-12 19:33:41.352,"LC","journal of applied ecology","No",NA,NA,NA,NA,NA,NA,NA,NA,NA,NA,"Yes","Journal of Applied Ecology publishes novel, broad-reaching papers on the interface between ecological science and the management of the natural environment.","https://besjournals.onlinelibrary.wiley.com/hub/journal/13652664/aims-and-scope/read-full-aims-and-scope",NA,"5.0"
2025-06-12 19:28:47.26,"LC","journal of arid environments","No",NA,NA,NA,NA,NA,NA,NA,NA,NA,NA,"Yes","publishing high-quality research papers that provide original insights into critical scientific, environmental, ecological, and people-nature issues in the world's drylands.","https://www.sciencedirect.com/journal/journal-of-arid-environments",NA,"2.6"
2025-07-03 10:05:16.818,"MP","journal of biogeography","No",NA,NA,NA,NA,NA,NA,NA,NA,NA,NA,"Yes","Manuscripts submitted to Journal of Biogeography should be original and innovative, concise, well written, rigorously analyzed and argued, and consequential. / Nonetheless, as disciplinary and publishing trends change, to remain at the forefront of biogeography, the journal must innovate such that it represents not only core biogeography but also novel advances in emerging areas. / Research Articles present new biogeographic research, usually resulting from the analysis of a novel question and hypotheses. / Letters present novel and impactful findings in a shorter format. / Differences in opinion regarding the novelty or significance of the reported findings are not considered as grounds for appeal.","https://onlinelibrary.wiley.com/page/journal/13652699/homepage/forauthors.html",NA,"3.4"
2025-06-12 12:25:43.217,"LC","journal of biological dynamics","No",NA,NA,NA,NA,NA,NA,NA,NA,NA,NA,"No",NA,NA,NA,"1.8"
2025-06-15 20:18:41.444,"LC","journal of chemical ecology","No",NA,NA,NA,NA,NA,NA,NA,NA,NA,NA,"Yes","Papers must be of sufficient breadth (avoiding a regional focus) and novelty to have international appeal.","https://link.springer.com/journal/10886/submission-guidelines#Instructions%20for%20Authors_Manuscript%20Submission",NA,"2.2"
2025-07-02 06:20:53.581,"MP","journal of ecology","No",NA,NA,NA,NA,NA,NA,NA,NA,NA,NA,"Yes","Manuscript unsuitable - the subject matter is inappropriate for the journal or the paper lacks novelty or is of insufficient general interest. The paper is therefore not sent out for peer review.","https://besjournals.onlinelibrary.wiley.com/hub/journal/13652745/author-guidelines",NA,"5.4"
2025-07-02 07:06:22.119,"MP","journal of evolutionary biochemistry and physiology","No",NA,NA,NA,NA,NA,NA,NA,NA,NA,NA,"No",NA,NA,NA,"0.6"
2025-07-01 05:27:24.61,"JP","journal of evolutionary biology","Yes","Journal Author instructions/guidelines, About the journal (e.g. aims and scope)","We are happy to publish negative results as long as these provide robust new insights, but will not normally publish studies that replicate previous results in the same or different taxa (unless doing so provides genuinely novel understanding).","https://academic.oup.com/jeb/pages/about","Research Article: These are reports of new research findings or conceptual analyses that make a significant contribution to the field.","https://academic.oup.com/jeb/pages/general-instructions","Yes","Not accept",NA,NA,NA,"Yes","s such, the journal will prioritise robust and well-executed studies that ask novel questions and/or provide new insights, generalisable across taxonomic groups.","https://academic.oup.com/jeb/pages/general-instructions",NA,"2.1"
2025-06-12 15:11:35.015,"LC","journal of experimental marine biology and ecology","No",NA,NA,NA,NA,NA,NA,NA,NA,NA,NA,"No",NA,NA,NA,"1.8"
2025-06-23 17:48:34.646,"LC","journal of experimental zoology part b-molecular and developmental evolution","No",NA,NA,NA,NA,NA,NA,NA,NA,NA,NA,"No",NA,NA,NA,"1.8"
2025-06-12 10:16:05.425,"LC","journal of fish and wildlife management","No",NA,NA,NA,NA,NA,NA,NA,NA,NA,NA,"No",NA,NA,NA,"0.9"
2025-06-14 08:26:58.4,"LC","journal of freshwater ecology","No",NA,NA,NA,NA,NA,NA,NA,NA,NA,NA,"No",NA,NA,NA,"1.3"
2025-06-22 21:16:38.916,"LC","journal of heredity","No",NA,NA,NA,NA,NA,NA,NA,NA,NA,NA,"No",NA,NA,NA,"3.0"
2025-07-03 11:14:26.598,"MP","journal of human evolution","No",NA,NA,NA,NA,NA,NA,NA,NA,NA,NA,"No",NA,NA,NA,"3.1"
2025-06-17 13:59:59.844,"LC","journal of molecular evolution","No",NA,NA,NA,NA,NA,NA,NA,NA,NA,NA,"No",NA,NA,NA,"2.0"
2025-07-03 12:39:14.999,"MP","journal of natural history","No",NA,NA,NA,NA,NA,NA,NA,NA,NA,NA,"No",NA,NA,NA,"0.8"
2025-06-13 16:53:03.092999,"LC","journal of plant ecology","No",NA,NA,NA,NA,NA,NA,NA,NA,NA,NA,"No",NA,NA,NA,"3.0"
2025-06-20 16:34:18.489,"LC","journal of soil and water conservation","No",NA,NA,NA,NA,NA,NA,NA,NA,NA,NA,"No",NA,NA,NA,"2.2"
2025-06-13 11:11:11.284,"LC","journal of systematic palaeontology","No",NA,NA,NA,NA,NA,NA,NA,NA,NA,NA,"Yes","The Journal of Systematic Palaeontology publishes papers that present novel and impactful results in systematics and which use these results as a basis for rigorous analyses of functional morphology, evolution, palaeoecology, palaeobiogeography or biostratigraphy.","https://www.tandfonline.com/journals/tjsp20/about-this-journal",NA,"2.2"
2025-06-12 20:58:48.15,"LC","journal of tropical ecology","No",NA,NA,NA,NA,NA,NA,NA,NA,NA,NA,"Yes","Journal of Tropical Ecology (JTE) covers novel, high-impact research in tropical ecology and conservation. / Research Articles* (5000 words, 5 display items) report on new research findings,","https://www.cambridge.org/core/journals/journal-of-tropical-ecology/information/author-instructions",NA,"1.0"
2025-06-16 11:04:26.495,"LC","journal of vegetation science","No",NA,NA,NA,NA,NA,NA,NA,NA,NA,NA,"No",NA,NA,NA,"2.2"
2025-06-12 21:07:12.744,"LC","journal of wildlife and biodiversity","No",NA,NA,NA,NA,NA,NA,NA,NA,NA,NA,"Yes","This type of paper presents important new research results of broad significance.","https://www.wildlife-biodiversity.com/index.php/jwb/about/submissions",NA,"0.8"
2025-07-03 12:53:02.71,"MP","journal of wildlife management","No",NA,NA,NA,NA,NA,NA,NA,NA,NA,NA,"No",NA,NA,NA,"1.9"
2025-07-02 07:17:29.081,"MP","journal of zoological systematics and evolutionary research","Yes","Journal Author instructions/guidelines","Representative of a specific advance, or replication, or null/negative result, which is worthy of publication.","https://onlinelibrary.wiley.com/page/journal/jzs/homepage/author-guidelines","In the spirit of sharing findings through our open science mission, emphasis is not placed on novelty, interest, or perceived impact. Replication studies, particularly of research published in this journal, are encouraged.","https://onlinelibrary.wiley.com/page/journal/jzs/homepage/author-guidelines","Yes","Accept and encourage","Generally accepts",NA,NA,"No",NA,NA,NA,"2.0"
2025-06-13 11:41:24.733,"LC","landscape and ecological engineering","No",NA,NA,NA,NA,NA,NA,NA,NA,NA,NA,"No",NA,NA,NA,"1.7"
2025-06-26 09:17:44.69,"LC","landscape and urban planning","Yes","Accepted article types","A Research Note is a concise but complete description of a limited investigation that will not be included in a later paper. It provides one of the following functions: (1) presenting initial proof-of-concept results on new ideas, timely issues, or innovative approaches; (2) reporting replications or extensions of previously published research that does not merit another full-length treatment yet provides results that contribute to a greater understanding of the phenomena under study.","https://www.sciencedirect.com/journal/landscape-and-urban-planning/publish/guide-for-authors",NA,NA,"Yes","Accept with neutral/no position","Special article type",NA,NA,"No",NA,NA,NA,"7.9"
2025-06-22 20:13:48.189,"LC","landscape ecology","No",NA,NA,NA,NA,NA,NA,NA,NA,NA,NA,"No",NA,NA,NA,"4.0"
2025-07-03 09:11:28.074,"MP","mammal review","No",NA,NA,NA,NA,NA,NA,NA,NA,NA,NA,"Yes","Reviews should draw together information from various sources in the public domain (e.g. journal papers, theses, reports, data archives, gene bank sequences) for a new synthesis/Predictive Reviews use quantitative models to provide major new insights into mammalian biology","https://onlinelibrary.wiley.com/page/journal/13652907/homepage/forauthors.html",NA,"4.3"
2025-06-22 21:21:50.78,"LC","marine biology research","No",NA,NA,NA,NA,NA,NA,NA,NA,NA,NA,"No","Original Articles: Reports on important original research relevant to the scope of Journal of Heredity. There is no page limit, but we recommend published articles aim for a 10-page extent, which is about 7500 total words, plus 6-8 tables and figures combined. Shorter communications on current research, important preliminary findings or new techniques are acceptable as Original Articles, but must still be novel, important and of general interest. / Genome Resources: Genome Resources are brief reports of no more than 4000 words and up to four display items, that describe novel de novo whole genome assemblies.","https://academic.oup.com/jhered/pages/Msprep_Submission",NA,"1.0"
2025-06-12 20:07:35.67,"LC","marine ecology progress series","No",NA,NA,NA,NA,NA,NA,NA,NA,NA,NA,"Yes","Research Article - Describing novel research","https://www.int-res.com/for-authors/author-guidelines",NA,"2.2"
2025-06-13 12:02:35.706,"LC","methods in ecology and evolution","Out of scope for this journal",NA,NA,NA,NA,NA,NA,NA,NA,NA,NA,"Yes","Research articles describe new methods in ecology and evolution and how they may be used... Similarly, descriptions of workflows that link together existing methods generally are not considered to be new methods.","https://besjournals.onlinelibrary.wiley.com/hub/journal/2041210X/author-guidelines#Article_Types",NA,"6.3"
2025-06-25 16:03:54.168,"LC","microbial ecology","No",NA,NA,NA,NA,NA,NA,NA,NA,NA,NA,"No",NA,NA,NA,"3.3"
2025-06-12 15:15:24.905,"LC","molecular biology and evolution","Yes","Journal Author instructions/guidelines, About the journal (e.g. aims and scope)","MBE does not publish manuscripts containing largely descriptive work, confirmatory research, and discoveries with a limited scope or impact.","https://academic.oup.com/mbe/pages/author-guidelines",NA,NA,"No",NA,NA,"Not accept",NA,"No",NA,NA,NA,"11.0"
2025-06-24 08:45:25.739,"JP","molecular ecology","No",NA,NA,NA,NA,NA,NA,NA,NA,NA,NA,"No",NA,NA,NA,"4.5"
2025-07-03 12:14:44.717,"MP","molecular ecology resources","Out of scope for this journal",NA,NA,NA,NA,NA,NA,NA,NA,NA,NA,NA,NA,NA,NA,"5.5"
2025-06-26 21:26:51.004,"LC","molecular phylogenetics and evolution","No",NA,NA,NA,NA,NA,NA,NA,NA,NA,NA,"No",NA,NA,NA,"3.6"
2025-06-13 15:59:45.006,"LC","movement ecology","No",NA,NA,NA,NA,NA,NA,NA,NA,NA,NA,"Yes","Movement Ecology is an open-access interdisciplinary journal publishing novel insights from empirical and theoretical approaches into the ecology of movement of the whole organism – either animals, plants or microorganisms – as the central theme/Manuscripts will be rigorously peer-reviewed to ensure novelty and high quality.","https://movementecologyjournal.biomedcentral.com/",NA,"3.4"
2025-06-17 13:10:24.309,"LC","natural areas journal","No",NA,NA,NA,NA,NA,NA,NA,NA,NA,NA,"No",NA,NA,NA,"1.0"
2025-06-22 20:19:14.258,"LC","natural history","Out of scope for this journal",NA,NA,NA,NA,NA,NA,NA,NA,NA,NA,"No",NA,NA,NA,"<0.1"
2025-07-03 12:07:06.459,"MP","nature ecology & evolution","Yes","Tab Registered Reports","High-value replication studies are welcome in addition to novel studies.","https://www.nature.com/natecolevol/submission-guidelines/registeredreports",NA,NA,"Yes","Accept with neutral/no position","TOP 3: RR",NA,NA,"Yes","An Article is a substantial novel research study, with a complex story often involving several techniques or approaches. / The journal aims to publish research that represents a significant scientific advance and is of relevance to a broad, multidisciplinary audience. High-value replication studies are welcome in addition to novel studies.","https://www.nature.com/natecolevol/content / https://www.nature.com/natecolevol/submission-guidelines/registeredreports",NA,"14.1"
2025-07-03 12:10:26.655,"MP","neobiota","Yes","Journal Author instructions/guidelines","Furthermore, reviewers are also asked to comment on originality, structure and previous research:

Originality: Is the paper sufficiently novel and does it contribute to a better understanding of the topic under scrutiny? Is the work rather confirmatory and repetitive?","https://neobiota.pensoft.net/about#Author-Guidelines",NA,NA,"No",NA,NA,"Accept but discourage","Generally accepts","Yes","Research articles: Publication of a study concluding significant new and original information. / Originality: Is the paper sufficiently novel and does it contribute to a better understanding of the topic under scrutiny? Is the work rather confirmatory and repetitive?","https://neobiota.pensoft.net/about",NA,"3.8"
2025-06-23 14:40:14.697,"LC","neotropical biodiversity","No",NA,NA,NA,NA,NA,NA,NA,NA,NA,NA,"No",NA,NA,NA,"0.9"
2025-07-03 08:51:32.421,"MP","neotropical biology and conservation","Yes","Journal Author instructions/guidelines","Is the paper sufficiently novel and does it contribute to a better understanding of the topic under scrutiny? Is the work rather confirmatory and repetitive","https://neotropical.pensoft.net/about#GuidelinesforReviewers",NA,NA,"No",NA,NA,"Accept but discourage","Generally accepts","Yes","Further, Reviewers are asked to comment on originality, structure and previous research: (1) Is the paper sufficiently novel and does it contribute to a better understanding of the topic under scrutiny? Is the work rather confirmatory and repetitive? (2) Is the introduction clear and concise? Does it place the work into the context that is necessary for a reader to comprehend the aims, hypotheses tested, experimental design or methods? Are Material and Methods clearly described and sufficiently explained? Are reasons given when choosing one method over another one from a set of comparable methods? Are the results clearly but concisely described? Do they relate to the topic outlined in the introduction? Do they follow a logical sequence? Does the discussion place the paper in scientific context and go a step beyond the current scientific knowledge on the basis of the results? Are competing hypotheses or theories reasonably related to each other and properly discussed? Do conclusions seem reasonable? Is previous research adequately incorporated into the paper? Are references complete, necessary and accurate? Is there any sign that substantial parts of the paper were copies of other works?","https://neotropical.pensoft.net/about#DeskRejection",NA,"0.7"
2025-07-03 11:52:16.294,"MP","new zealand journal of ecology","No",NA,NA,NA,NA,NA,NA,NA,NA,NA,NA,"No",NA,NA,NA,"1.9"
2025-06-12 19:42:39.484,"LC","northeastern naturalist","No",NA,NA,NA,NA,NA,NA,NA,NA,NA,NA,"No",NA,NA,NA,"0.5"
2025-06-12 15:08:05.274,"LC","northwest science","No",NA,NA,NA,NA,NA,NA,NA,NA,NA,NA,"No",NA,NA,NA,"0.5"
2025-07-03 11:31:50.262001,"MP","oecologia","No",NA,NA,NA,NA,NA,NA,NA,NA,NA,NA,"Yes","Original Research provide the core of our journal and represent original investigations that offer new insights into ecological systems.","https://link.springer.com/journal/442/aims-and-scope",NA,"2.4"
2025-06-17 15:04:49.857999,"LC","oikos","Yes","About the journal (e.g. aims and scope)","Oikos gives low priority to studies that confirm or extend current knowledge by extending well-established results to unstudied taxa or regions.","https://www.oikosjournal.org/authors/aims-scope",NA,NA,"No",NA,NA,"Accept but discourage","Generally accepts","No",NA,NA,NA,"3.1"
2025-06-13 20:21:30.048,"LC","one ecosystem","Yes","About the journal (e.g. aims and scope)","Is the study sufficiently novel and contributes to a better understanding of the topic, or is the work rather confirmatory and repetitive?","https://oneecosystem.pensoft.net/about#Author-Guidelines",NA,NA,"No",NA,NA,"Accept but discourage","Generally accepts","Yes","Is the study sufficiently novel and contributes to a better understanding of the topic, or is the work rather confirmatory and repetitive?/","https://oneecosystem.pensoft.net/about#SelectArticleType",NA,"1.8"
2025-07-03 12:40:25.567,"MP","organisms diversity & evolution","No",NA,NA,NA,NA,NA,NA,NA,NA,NA,NA,"No",NA,NA,NA,"1.9"
2025-06-12 19:59:33.61,"LC","oryx","No",NA,NA,NA,NA,NA,NA,NA,NA,NA,NA,"No",NA,NA,NA,"2.2"
2025-06-13 11:30:19.536,"LC","pacific conservation biology","Yes","Journal Author instructions/guidelines","However, papers that are purely taxonomic or parochial, describe preliminary or incremental results, or simply present data with minimal or no context will not be considered.","https://www.publish.csiro.au/pc/forauthors/AuthorInstructions#6",NA,NA,"No",NA,NA,"Not accept",NA,"No",NA,NA,NA,"1.6"
2025-07-03 12:43:01.794,"MP","paleobiology","No",NA,NA,NA,NA,NA,NA,NA,NA,NA,NA,"No",NA,NA,NA,"2.6"
2025-06-12 15:51:13.596,"LC","pedobiologia","No",NA,NA,NA,NA,NA,NA,NA,NA,NA,NA,"No",NA,NA,NA,"2.0"
2025-07-03 11:44:18.461,"MP","people and nature","No",NA,NA,NA,NA,NA,NA,NA,NA,NA,NA,"No",NA,NA,NA,"4.2"
2025-06-20 16:32:36.067,"LC","perspectives in plant ecology evolution and systematics","No",NA,NA,NA,NA,NA,NA,NA,NA,NA,NA,"No",NA,NA,NA,"3.5"
2025-07-02 06:24:04.816,"MP","phytocoenologia","No",NA,NA,NA,NA,NA,NA,NA,NA,NA,NA,"No",NA,NA,NA,"0.8"
2025-06-13 11:06:11.738,"LC","plant ecology","No",NA,NA,NA,NA,NA,NA,NA,NA,NA,NA,"No",NA,NA,NA,"1.9"
2025-06-24 20:58:23.226,"LC","plant species biology","No",NA,NA,NA,NA,NA,NA,NA,NA,NA,NA,"Yes","Submission of manuscripts reporting incremental advances or having geographically-limited interest is discouraged, unless the findings have broader implications that can be generalized.","https://esj-journals.onlinelibrary.wiley.com/hub/journal/14421984/homepage/forauthors.html#Aims",NA,"1.1"
2025-06-24 13:56:10.708,"LC","plant systematics and evolution","No",NA,NA,NA,NA,NA,NA,NA,NA,NA,NA,"Yes","All papers must focus on timely research which provides new insights into aspects of plant systematics and evolution. The topic should be original and of general interest to our readers.","https://link.springer.com/journal/606/submission-guidelines#Instructions%20for%20Authors_Article%20types",NA,"1.5"
2025-07-03 09:07:41.516,"MP","plants people planet","No",NA,NA,NA,NA,NA,NA,NA,NA,NA,NA,"Yes","Opinions should provide novel and constructive perspectives related to debates of broad interest, or consider the role of plants or plant-focused research in innovative ways to advance thinking on global issues. / Methods and Techniques provide a forum for novel inter/transdisciplinary approaches for researchers, practitioners and educators at the interface between plants and society. / Rather than documenting existing literature, Thomas Reviews focus on synthesising knowledge and presenting novel ideas and perspectives to drive forward research and highlight the wider societal impact of plants for people and the planet. / Opinion articles should provide novel and constructive perspectives related to debates of broad interest, or consider the role of plants or plant-focused research in innovative ways to advance thinking on global issues.","https://nph.onlinelibrary.wiley.com/hub/journal/25722611/aims-and-scope/read-full-aims-and-scope / https://nph.onlinelibrary.wiley.com/hub/journal/25722611/about/author-guidelines",NA,"3.7"
2025-06-16 11:26:47.687,"LC","polar biology","No",NA,NA,NA,NA,NA,NA,NA,NA,NA,NA,"No",NA,NA,NA,"1.5"
2025-06-17 13:51:51.526,"LC","polar record","No",NA,NA,NA,NA,NA,NA,NA,NA,NA,NA,"No",NA,NA,NA,"1.4"
2025-06-12 21:34:34.423,"LC","polar research","No",NA,NA,NA,NA,NA,NA,NA,NA,NA,NA,"No",NA,NA,NA,"1.9"
2025-06-13 10:36:26.556,"LC","polar science","No",NA,NA,NA,NA,NA,NA,NA,NA,NA,NA,"Yes","Authors may specify the category of the paper as either a full length article or a research note, where full length articles are of high originality and research notes are describing preliminary results of immediate concern.","https://www.sciencedirect.com/journal/polar-science/publish/guide-for-authors",NA,"1.5"
2025-06-12 16:01:10.129001,"LC","polish journal of ecology","No",NA,NA,NA,NA,NA,NA,NA,NA,NA,NA,"No",NA,NA,NA,"0.4"
2025-07-02 07:12:27.055,"MP","polish polar research","No",NA,NA,NA,NA,NA,NA,NA,NA,NA,NA,"No",NA,NA,NA,"0.9"
2025-06-23 16:40:37.406,"LC","population ecology","No",NA,NA,NA,NA,NA,NA,NA,NA,NA,NA,"No",NA,NA,NA,"1.1"
2025-06-12 21:15:55.315001,"LC","proceedings of the academy of natural sciences of philadelphia","No",NA,NA,NA,NA,NA,NA,NA,NA,NA,NA,"No",NA,NA,NA,"0.5"
2025-06-20 13:04:32.201,"LC","proceedings of the linnean society of new south wales","No",NA,NA,NA,NA,NA,NA,NA,NA,NA,NA,"No",NA,NA,NA,"0.2"
2025-06-23 15:39:13.456,"LC","proceedings of the royal society b-biological sciences","Yes","Journal Author instructions/guidelines","The main criteria for acceptance are that a study is novel, and has general significance to biologists. /Many more good manuscripts are submitted than we have space to publish, and we give preference to those presenting significant advances of broad interest. /
Submission of preliminary reports, of articles that merely confirm previous findings, and of articles that are likely to interest only small groups of specialists, is not encouraged.  All articles are sent to an Editorial Board member for an initial assessment, and may be returned to authors without in-depth peer review if the paper is unlikely to be accepted because it is either too specialized, not sufficiently novel, or is deficient in other respects.","https://royalsocietypublishing.org/rspb/about#question2",NA,NA,"No",NA,NA,"Accept but discourage","Generally accepts","Yes","The main criteria for acceptance are that a study is novel, and has general significance to biologists. /
Many more good manuscripts are submitted than we have space to publish, and we give preference to those presenting significant advances of broad interest. /
Submission of preliminary reports, of articles that merely confirm previous findings, and of articles that are likely to interest only small groups of specialists, is not encouraged.  All articles are sent to an Editorial Board member for an initial assessment, and may be returned to authors without in-depth peer review if the paper is unlikely to be accepted because it is either too specialized, not sufficiently novel, or is deficient in other respects.","https://royalsocietypublishing.org/rspb/about#question2",NA,"3.8"
2025-06-12 11:39:44.833,"LC","rangeland ecology & management","No",NA,NA,NA,NA,NA,NA,NA,NA,NA,NA,"No",NA,NA,NA,"2.4"
2025-07-03 10:56:26.59,"MP","rangeland journal","No",NA,NA,NA,NA,NA,NA,NA,NA,NA,NA,"No",NA,NA,NA,"1.2"
2025-06-13 11:14:01.212,"LC","regional studies in marine science","No",NA,NA,NA,NA,NA,NA,NA,NA,NA,NA,"No",NA,NA,NA,"2.1"
2025-06-22 21:47:48.013,"LC","remote sensing in ecology and conservation","No",NA,NA,NA,NA,NA,NA,NA,NA,NA,NA,"Yes","Cover letter detailing the key findings, the novelty of the work and how the manuscript fits the aims and scope of the journal","https://zslpublications.onlinelibrary.wiley.com/hub/journal/20563485/author-guidelines",NA,"3.9"
2025-06-12 12:32:21.57,"LC","restoration ecology","No",NA,NA,NA,NA,NA,NA,NA,NA,NA,NA,"Yes","The Managing Editor (ME) conducts an internal pre-review assessment on each submission to determine whether the manuscript meets the journal’s editorial policies (direct relevance to restoration science of practice, enough novelty to be of interest to the journal’s readership, appropriate design, methodology, data quality, and analysis, etc.), and formatting requirements (length, format, language, etc.).","https://onlinelibrary.wiley.com/page/journal/1526100x/homepage/forauthors.html",NA,"2.8"
2025-07-03 10:30:46.54,"MP","revista chilena de historia natural","No",NA,NA,NA,NA,NA,NA,NA,NA,NA,NA,"No",NA,NA,NA,"1.3"
2025-06-12 17:06:46.37,"LC","russian journal of biological invasions","No",NA,NA,NA,NA,NA,NA,NA,NA,NA,NA,"No",NA,NA,NA,"0.8"
2025-06-12 15:57:50.135,"LC","russian journal of ecology","No",NA,NA,NA,NA,NA,NA,NA,NA,NA,NA,"No",NA,NA,NA,"1.0"
2025-06-16 11:29:07.566,"LC","soil ecology letters","No",NA,NA,NA,NA,NA,NA,NA,NA,NA,NA,"No",NA,NA,NA,"4.5"
2025-06-13 20:14:59.84,"LC","south of russia-ecology development","No",NA,NA,NA,NA,NA,NA,NA,NA,NA,NA,"No",NA,NA,"Google Translate","0.3"
2025-06-20 16:30:06.307,"LC","southeastern naturalist","No",NA,NA,NA,NA,NA,NA,NA,NA,NA,NA,"No",NA,NA,NA,"0.6"
2025-06-12 12:29:00.864,"LC","southwestern naturalist","No",NA,NA,NA,NA,NA,NA,NA,NA,NA,NA,"No",NA,NA,NA,"0.2"
2025-06-12 17:08:31.575,"LC","systematic biology","No",NA,NA,NA,NA,NA,NA,NA,NA,NA,NA,"No",NA,NA,NA,"6.1"
2025-06-17 17:25:28.505,"LC","systematic botany","No",NA,NA,NA,NA,NA,NA,NA,NA,NA,NA,"Yes","Manuscripts considered to be
significantly lacking in depth, originality, or quality of English grammar or syntax may be
returned without review. Acceptance of papers for publication depends on merit as judged by
each of two or more referees. Manuscripts must not have been previously published in whole or
in part (including other languages) and must not be in consideration for publication in another
journal at the time of submission.","https://static1.squarespace.com/static/585186b615d5db7c9d79d99a/t/684ac9c2c1faef20878bd3ef/1749731778713/Information+for+Authors+2025.pdf",NA,"0.9"
2025-06-22 21:26:51.158,"LC","systematic entomology","No",NA,NA,NA,NA,NA,NA,NA,NA,NA,NA,"No",NA,NA,NA,"4.7"
2025-06-25 21:43:49.684999,"LC","taxon","No",NA,NA,NA,NA,NA,NA,NA,NA,NA,NA,"No",NA,NA,NA,"3.0"
2025-07-03 11:57:22.344,"MP","theoretical and applied ecology","No",NA,NA,NA,NA,NA,NA,NA,NA,NA,NA,"No",NA,NA,NA,"0.5"
2025-06-23 17:01:46.601,"LC","theoretical ecology","No",NA,NA,NA,NA,NA,NA,NA,NA,NA,NA,"No",NA,NA,NA,"1.2"
2025-07-03 11:11:12.489,"MP","theoretical population biology","No",NA,NA,NA,NA,NA,NA,NA,NA,NA,NA,"No",NA,NA,NA,"1.2"
2025-07-03 11:45:37.307,"MP","trends in ecology & evolution","Out of scope for this journal",NA,NA,NA,NA,NA,NA,NA,NA,NA,NA,"No",NA,NA,NA,"16.7"
2025-06-24 21:37:09.786,"LC","tropical ecology","No",NA,NA,NA,NA,NA,NA,NA,NA,NA,NA,"No",NA,NA,NA,"1.1"
2025-06-12 10:07:20.618999,"LC","tropics","No",NA,NA,NA,NA,NA,NA,NA,NA,NA,NA,"No",NA,NA,NA,"1.0"
2025-06-12 15:38:10.399,"LC","urban ecosystems","No",NA,NA,NA,NA,NA,NA,NA,NA,NA,NA,"No",NA,NA,NA,"2.5"
2025-06-12 12:16:08.415,"LC","vestnik tomskogo gosudarstvennogo universiteta-biologiya","No",NA,NA,NA,NA,NA,NA,NA,NA,NA,NA,"Yes","The decision on publication is made by the scientific editorial board after reviewing, taking into account the relevance, scientific and practical novelty and significance, statistical processing, analysis of the results obtained, as well as the quality of writing and design of the material.","https://journals.tsu.ru/biology/","Google Translate","0.4"
2025-06-13 11:03:59.285,"LC","vie et milieu-life and environment","No",NA,NA,NA,NA,NA,NA,NA,NA,NA,NA,"No",NA,NA,NA,"0.2"
2025-06-22 21:31:26.481,"LC","web ecology","No",NA,NA,NA,NA,NA,NA,NA,NA,NA,NA,"Yes","Standard articles are the main section of the journal and represent original studies that offer interesting and new insights into ecological patterns and processes. The abstract should not exceed 250 words","https://www.web-ecology.net/about/manuscript_types.html",NA,"2.3"
2025-06-20 21:01:19.412,"LC","western north american naturalist","No",NA,NA,NA,NA,NA,NA,NA,NA,NA,NA,"No",NA,NA,NA,"0.5"
2025-07-03 11:53:55.928,"MP","wetlands","No",NA,NA,NA,NA,NA,NA,NA,NA,NA,NA,"No",NA,NA,NA,"1.8"
2025-07-03 12:45:11.593,"MP","wildlife biology","No",NA,NA,NA,NA,NA,NA,NA,NA,NA,NA,"No",NA,NA,NA,"1.7"
2025-07-02 07:01:59.472,"MP","wildlife monographs","No",NA,NA,NA,NA,NA,NA,NA,NA,NA,NA,"No",NA,NA,NA,"4.3"
2025-06-22 21:52:13.899,"LC","wildlife research","No",NA,NA,NA,NA,NA,NA,NA,NA,NA,NA,"Yes","All papers should aim to improve the practice of wildife management and contribute conceptual advances to our knowledge and understanding of wildlife ecology.","https://www.publish.csiro.au/wr/forauthors/AuthorInstructions",NA,"1.6"
2025-07-02 07:10:19.743001,"MP","zoologica scripta","No",NA,NA,NA,NA,NA,NA,NA,NA,NA,NA,"Yes","Articles published in Zoologica Scripta must be original and present new findings of either theoretical or empirical studies of interest to a broad audience in animal systematics and phylogeny.","https://onlinelibrary.wiley.com/page/journal/14636409/homepage/productinformation.html",NA,"2.3"
