"Timestamp","Extractor","Journal_raw","Publisher","info_found","policy_location","policy_text1","policy_URL1","policy_text2","policy_URL2","policy_text3","policy_URL3","replications_mention","replication_policy_mentions","accept_category_mentions","other_accept_category_mentions","replication_policy_not","accept_category_not","other_accept_category_no","novelty","Translation","Comments/notes","novelty_text","novelty_URL","NA","Journal"
2025-07-04 03:14:56.454,"MP","ECOGRAPHY",NA,"Yes","About the journal (e.g. aims and scope)","Manuscripts merely confirming or marginally extending results of previous work are unlikely to be considered in Ecography.","https://www.ecography.org/authors/aims-scope",NA,NA,NA,NA,"No",NA,NA,NA,"Accept but discourage","Generally accept",NA,"Yes",NA,NA,"ECOGRAPHY publishes exciting, novel, and important articles that significantly advance understanding of ecological or biodiversity patterns in space or time.","https://www.ecography.org/about-journal/journal-information",NA,"ecography"
2025-06-12 13:55:41.726,"LC","Ecosphere",NA,"Yes","About the journal (e.g. aims and scope)","Through our diverse subject tracks, we publish research relating to every area of ecology — including confirmatory and innovative research.","https://esajournals.onlinelibrary.wiley.com/journal/21508925",NA,NA,NA,NA,"No",NA,NA,NA,"Accept with neutral/no position","Generally accepts",NA,"No",NA,NA,NA,NA,NA,"ecosphere"
2025-06-12 15:55:07.127,"LC","EUROPEAN JOURNAL OF SOIL BIOLOGY",NA,"Yes","Journal Author instructions/guidelines, Accepted article types","Manuscripts must contain high-quality results with novelty in the field. However, we also welcome confirmatory studies that study any aspects of soil biology that are relevant to test and validate the importance of soil biodiversity.","https://www.sciencedirect.com/journal/european-journal-of-soil-biology/publish/guide-for-authors",NA,NA,NA,NA,"No",NA,NA,NA,"Accept and encourage","Generally accepts",NA,"Yes",NA,"Novelty language absent from journal scope","Manuscripts must contain high-quality results with novelty in the field. However, we also welcome confirmatory studies that study any aspects of soil biology that are relevant to test and validate the importance of soil biodiversity.","https://www.sciencedirect.com/journal/european-journal-of-soil-biology/publish/guide-for-authors",NA,"european journal of soil biology"
2025-06-12 17:57:11.052,"LC","AoB Plants",NA,"Yes","About the journal (e.g. aims and scope)","We leave judgements about the importance and impact of published works to the scientific community, and we welcome any outputs that are performed rigorously and explained clearly and which represent substantive contribution to knowledge, including:

experimental, theoretical, descriptive, and confirmatory studies, including negative results;","https://academic.oup.com/aobpla/pages/General_Instructions#Aims,%20Scope%20And%20Ethos",NA,NA,NA,NA,"No",NA,NA,NA,"Accept and encourage","Generally accepts",NA,"Yes",NA,NA,"In order to be published in AoBP, a paper must substantially advance fundamental knowledge and/or understanding in an area closely related to one of the journal's Sections. Purely descriptive studies are welcome in principle, but must compensate with an element of breadth and/or depth by providing unusually rich and novel observations likely to lead to new insights in future work.","https://academic.oup.com/aobpla/pages/General_Instructions#Aims,%20Scope%20And%20Ethos",NA,"aob plants"
2025-06-13 10:57:09.937,"LC","Frontiers in Forests and Global Change",NA,"Yes","Accepted article types","Original Research may also encompass confirming studies and disconfirming results which allow hypothesis elimination, reformulation and/or report on the non-reproducibility of previously published results.","https://www.frontiersin.org/journals/forests-and-global-change/for-authors/article-types",NA,NA,NA,NA,"No",NA,NA,NA,"Accept with neutral/no position","Generally accepts",NA,"No",NA,NA,NA,NA,NA,"frontiers in forests and global change"
2025-06-13 12:09:11.701,"LC","Ecological Complexity",NA,"Yes","Journal Author instructions/guidelines","[they ask that the cover letter address] What is the rationale for asking the question above?

[One acceptable option being] Testing the hypothesis is crucial (reconciling contradictory results, confirming validity of some tenets of theory or commonly accepted premises, or other reasons)","https://www.sciencedirect.com/journal/ecological-complexity/publish/guide-for-authors",NA,NA,NA,NA,"No",NA,NA,NA,"Accept with neutral/no position","Generally accepts",NA,"Yes",NA,NA,"In the spirit of the above table, the cover letter and the paper should state clearly: 
Novelty, at least one of:

solves a problem,

identifies a new problem,

uncovers links among separate concepts,

simplifies a complex issue,

adds eye-opening overview,

adds a new angle to a common concern/approach","https://www.sciencedirect.com/journal/ecological-complexity/publish/guide-for-authors",NA,"ecological complexity"
2025-06-13 20:21:30.048,"LC","One Ecosystem",NA,"Yes","About the journal (e.g. aims and scope)","Is the study sufficiently novel and contributes to a better understanding of the topic, or is the work rather confirmatory and repetitive?","https://oneecosystem.pensoft.net/about#Author-Guidelines",NA,NA,NA,NA,"No",NA,NA,NA,"Accept but discourage","Generally accepts",NA,"Yes",NA,NA,"Is the study sufficiently novel and contributes to a better understanding of the topic, or is the work rather confirmatory and repetitive?/","https://oneecosystem.pensoft.net/about#SelectArticleType",NA,"one ecosystem"
2025-06-17 15:04:49.857999,"LC","Oikos",NA,"Yes","About the journal (e.g. aims and scope)","Oikos gives low priority to studies that confirm or extend current knowledge by extending well-established results to unstudied taxa or regions.","https://www.oikosjournal.org/authors/aims-scope",NA,NA,NA,NA,"No",NA,NA,NA,"Accept but discourage","Generally accepts",NA,"No",NA,NA,NA,NA,NA,"oikos"
2025-06-23 15:39:13.456,"LC","PROCEEDINGS OF THE ROYAL SOCIETY B-BIOLOGICAL SCIENCES",NA,"Yes","Journal Author instructions/guidelines","The main criteria for acceptance are that a study is novel, and has general significance to biologists. /Many more good manuscripts are submitted than we have space to publish, and we give preference to those presenting significant advances of broad interest. /
Submission of preliminary reports, of articles that merely confirm previous findings, and of articles that are likely to interest only small groups of specialists, is not encouraged.  All articles are sent to an Editorial Board member for an initial assessment, and may be returned to authors without in-depth peer review if the paper is unlikely to be accepted because it is either too specialized, not sufficiently novel, or is deficient in other respects.","https://royalsocietypublishing.org/rspb/about#question2",NA,NA,NA,NA,"No",NA,NA,NA,"Accept but discourage","Generally accepts",NA,"Yes",NA,NA,"The main criteria for acceptance are that a study is novel, and has general significance to biologists. /
Many more good manuscripts are submitted than we have space to publish, and we give preference to those presenting significant advances of broad interest. /
Submission of preliminary reports, of articles that merely confirm previous findings, and of articles that are likely to interest only small groups of specialists, is not encouraged.  All articles are sent to an Editorial Board member for an initial assessment, and may be returned to authors without in-depth peer review if the paper is unlikely to be accepted because it is either too specialized, not sufficiently novel, or is deficient in other respects.","https://royalsocietypublishing.org/rspb/about#question2",NA,"proceedings of the royal society b-biological sciences"
2025-06-23 16:38:13.991,"LC","Frontiers in Ecology and Evolution",NA,"Yes","Accepted article types","Original Research may also encompass confirming studies and disconfirming results which allow hypothesis elimination, reformulation and/or report on the non-reproducibility of previously published results. /Brief Research Report articles present original research and/or preliminary findings in a more succinct way, and with fewer details, than Original Research articles. Additionally, in line with the Frontiers ethos of publishing scientifically-sound discoveries, Brief Research Reports also encourage submission of negative results and may report on the non-reproducibility of previously published results.","https://www.frontiersin.org/journals/ecology-and-evolution/for-authors/article-types",NA,NA,NA,NA,"No",NA,NA,NA,"Accept with neutral/no position","Generally accepts",NA,"No",NA,NA,NA,NA,NA,"frontiers in ecology and evolution"
2025-07-03 08:51:32.421,"MP","Neotropical Biology and Conservation",NA,"Yes","Journal Author instructions/guidelines","Is the paper sufficiently novel and does it contribute to a better understanding of the topic under scrutiny? Is the work rather confirmatory and repetitive","https://neotropical.pensoft.net/about#GuidelinesforReviewers",NA,NA,NA,NA,"No",NA,NA,NA,"Accept but discourage","Generally accepts",NA,"Yes",NA,NA,"Further, Reviewers are asked to comment on originality, structure and previous research: (1) Is the paper sufficiently novel and does it contribute to a better understanding of the topic under scrutiny? Is the work rather confirmatory and repetitive? (2) Is the introduction clear and concise? Does it place the work into the context that is necessary for a reader to comprehend the aims, hypotheses tested, experimental design or methods? Are Material and Methods clearly described and sufficiently explained? Are reasons given when choosing one method over another one from a set of comparable methods? Are the results clearly but concisely described? Do they relate to the topic outlined in the introduction? Do they follow a logical sequence? Does the discussion place the paper in scientific context and go a step beyond the current scientific knowledge on the basis of the results? Are competing hypotheses or theories reasonably related to each other and properly discussed? Do conclusions seem reasonable? Is previous research adequately incorporated into the paper? Are references complete, necessary and accurate? Is there any sign that substantial parts of the paper were copies of other works?","https://neotropical.pensoft.net/about#DeskRejection",NA,"neotropical biology and conservation"
2025-07-03 12:10:26.655,"MP","NeoBiota",NA,"Yes","Journal Author instructions/guidelines","Furthermore, reviewers are also asked to comment on originality, structure and previous research:

Originality: Is the paper sufficiently novel and does it contribute to a better understanding of the topic under scrutiny? Is the work rather confirmatory and repetitive?","https://neobiota.pensoft.net/about#Author-Guidelines",NA,NA,NA,NA,"No",NA,NA,NA,"Accept but discourage","Generally accepts",NA,"Yes",NA,NA,"Research articles: Publication of a study concluding significant new and original information. / Originality: Is the paper sufficiently novel and does it contribute to a better understanding of the topic under scrutiny? Is the work rather confirmatory and repetitive?","https://neobiota.pensoft.net/about",NA,"neobiota"
2025-07-03 12:36:15.705,"MP","Ecology Letters",NA,"Yes","Journal Author instructions/guidelines, About the journal (e.g. aims and scope)","We discourage purely descriptive papers and those merely confirming or extending results of previous work.","https://onlinelibrary.wiley.com/page/journal/14610248/homepage/productinformation.html",NA,NA,NA,NA,"No",NA,NA,NA,"Accept but discourage","Generally accepts",NA,"Yes",NA,NA,"Ecology Letters is a forum for the very rapid publication of the most novel research in ecology. / Perspectives: novel essays for a general audience / Please note that at initial submission we still do require, for all manuscripts regardless of the format style, a novelty statement, a cover letter, and a title page including an authorship statement, a data statement, the number of words in abstract/main text and the number of figure/table/boxes. / Proposals should be no more than 300 words long, describe the nature and novelty of the work, and the contribution of the proposed article to the discipline. / The review criteria is based on the novelty and importance of the method. / Ecology Letters is particularly interested in novel essays expressing new perspective that will appeal to a wide ecological audience. / There is the same expectation for the novelty of Perspective as for Letter. / Synthesis articles are expected to be of broad interest to the readership of Ecology Letters, should focus on novel principles emerging over the past several years, and should include critical evaluation, synthesis, and/or prospects for future research directions. / The covering letter to the Editorial Office should succinctly describe why the enclosed work is novel, exciting and of general interest in ecology. Additionally, the covering letter should include a clear statement of exactly how the present manuscript is outstandingly novel relative to recent work by the author or coauthors cited in the present submission.","https://onlinelibrary.wiley.com/page/journal/14610248/homepage/productinformation.html / https://onlinelibrary.wiley.com/page/journal/14610248/homepage/forauthors.html",NA,"ecology letters"
2025-07-04 04:50:47.536,"MP","Frontiers in Conservation Science",NA,"Yes","Accepted article types","Original Research may also encompass confirming studies and disconfirming results which allow hypothesis elimination, reformulation and/or report on the non-reproducibility of previously published results. / Brief Research Report articles present original research and/or preliminary findings in a more succinct way, and with fewer details, than Original Research articles. Additionally, in line with the Frontiers ethos of publishing scientifically-sound discoveries, Brief Research Reports also encourage submission of negative results and may report on the non-reproducibility of previously published results.","https://www.frontiersin.org/journals/conservation-science/for-authors/article-types",NA,NA,NA,NA,"No",NA,NA,NA,"Accept with neutral/no position","Generally accepts",NA,"No",NA,NA,NA,NA,NA,"frontiers in conservation science"
2025-06-12 15:35:03.884,"LC","Animal Biotelemetry",NA,"Yes","Accepted article types","When smaller data sets or data from small sample sizes are presented that may extend previously published research, or that may report on additional controls, confirmatory findings, negative results or small-scale pilot studies with limited sample size, then the Case Report short article type (previously called ‘Telemetry case report’) should be considered.","https://animalbiotelemetry.biomedcentral.com/submission-guidelines/preparing-your-manuscript/research",NA,NA,NA,NA,"No",NA,NA,NA,"Accept with neutral/no position","Special article type",NA,"No",NA,NA,NA,NA,NA,"animal biotelemetry"
2025-06-13 16:22:36.13,"LC","AFRICAN JOURNAL OF RANGE & FORAGE SCIENCE",NA,"Yes","Journal Author instructions/guidelines, Accepted article types","Research papers should not report work that simply followed well-established protocols and report familiar findings without some context that adds novelty (e.g. results for subhumid areas that are different to previous work done in arid areas).","https://www.nisc.co.za/media/docs/140854944420.pdf","Research Notes: papers reporting descriptive findings or based on routine protocols that provide valuable case studies but lack novelty;","https://www.nisc.co.za/media/docs/140854944420.pdf",NA,NA,"No",NA,NA,NA,"Accept with neutral/no position","Special article type",NA,"Yes",NA,NA,"Papers are evaluated on the quality and originality of the material and its interest to our reader-ship","https://www.nisc.co.za/media/docs/140854944420.pdf",NA,"african journal of range & forage science"
2025-06-11 15:41:50.443,"LC","Ecosistemas",NA,"No",NA,NA,NA,NA,NA,NA,NA,NA,NA,NA,NA,NA,NA,NA,"No","Built-in","No TOP score for Replication (https://www.topfactor.org/journals/ecosistemas), though they do mention it: ""Reproducible science: We are working on following the TOP guidelines (https://www.cos.io/initiatives/top-guidelines), including the permanent deposition of data and code to ensure the reproducibility of results.""",NA,NA,NA,"ecosistemas"
2025-06-12 10:07:20.618999,"LC","Tropics",NA,"No",NA,NA,NA,NA,NA,NA,NA,NA,NA,NA,NA,NA,NA,NA,"No",NA,NA,NA,NA,NA,"tropics"
2025-06-12 10:16:05.425,"LC","Journal of Fish and Wildlife Management",NA,"No",NA,NA,NA,NA,NA,NA,NA,NA,NA,NA,NA,NA,NA,NA,"No",NA,NA,NA,NA,NA,"journal of fish and wildlife management"
2025-06-12 11:21:37.419,"LC","ECOLOGY AND SOCIETY",NA,"No",NA,NA,NA,NA,NA,NA,NA,NA,NA,NA,NA,NA,NA,NA,"Yes",NA,"Use of novel in this case distinct from how journal uses ""original"" as in not previously published: ""Peer-reviewed papers present the results of original research.""","The journal seeks papers that are novel, integrative, and written in a way that is accessible to a wide audience that includes scientists and practitioners, from an array of disciplines from the natural sciences, social sciences, and the humanities concerned with the relationship between society and the life-supporting ecosystems on which human well-being ultimately depends.","https://ecologyandsociety.org/policies/",NA,"ecology and society"
2025-06-12 11:39:44.833,"LC","Rangeland Ecology & Management",NA,"No",NA,NA,NA,NA,NA,NA,NA,NA,NA,NA,NA,NA,NA,NA,"No",NA,NA,NA,NA,NA,"rangeland ecology & management"
2025-06-12 12:16:08.415,"LC","Vestnik Tomskogo Gosudarstvennogo Universiteta-Biologiya",NA,"No",NA,NA,NA,NA,NA,NA,NA,NA,NA,NA,NA,NA,NA,NA,"Yes","Google Translate",NA,"The decision on publication is made by the scientific editorial board after reviewing, taking into account the relevance, scientific and practical novelty and significance, statistical processing, analysis of the results obtained, as well as the quality of writing and design of the material.","https://journals.tsu.ru/biology/",NA,"vestnik tomskogo gosudarstvennogo universiteta-biologiya"
2025-06-12 12:21:37.719,"LC","ECOLOGICAL MONOGRAPHS",NA,"No",NA,NA,NA,NA,NA,NA,NA,NA,NA,NA,NA,NA,NA,NA,"Yes",NA,NA,"Ecological Monographs publishes comprehensive, integrative, and multifaceted papers representing major theoretical, empirical and/or methodological advances in the fields of ecology and evolution.","https://esajournals.onlinelibrary.wiley.com/hub/journal/15577015/author-guidelines#general-information",NA,"ecological monographs"
2025-06-12 12:25:43.217,"LC","Journal of Biological Dynamics",NA,"No",NA,NA,NA,NA,NA,NA,NA,NA,NA,NA,NA,NA,NA,NA,"No",NA,NA,NA,NA,NA,"journal of biological dynamics"
2025-06-12 12:29:00.864,"LC","SOUTHWESTERN NATURALIST",NA,"No",NA,NA,NA,NA,NA,NA,NA,NA,NA,NA,NA,NA,NA,NA,"No",NA,NA,NA,NA,NA,"southwestern naturalist"
2025-06-12 12:32:21.57,"LC","RESTORATION ECOLOGY",NA,"No",NA,NA,NA,NA,NA,NA,NA,NA,NA,NA,NA,NA,NA,NA,"Yes",NA,NA,"The Managing Editor (ME) conducts an internal pre-review assessment on each submission to determine whether the manuscript meets the journal’s editorial policies (direct relevance to restoration science of practice, enough novelty to be of interest to the journal’s readership, appropriate design, methodology, data quality, and analysis, etc.), and formatting requirements (length, format, language, etc.).","https://onlinelibrary.wiley.com/page/journal/1526100x/homepage/forauthors.html",NA,"restoration ecology"
2025-06-12 12:35:28.88,"LC","Ecological Informatics",NA,"No",NA,NA,NA,NA,NA,NA,NA,NA,NA,NA,NA,NA,NA,NA,"Yes",NA,NA,"It focuses on novel concepts and techniques for image- and genome-based monitoring and interpretation, sensor- and multimedia-based data acquisition, internet-based data archiving and sharing, data assimilation, modelling of ecological data, and uncertainty analysis.","https://www.sciencedirect.com/journal/ecological-informatics",NA,"ecological informatics"
2025-06-12 12:42:07.4,"LC","JOURNAL FOR NATURE CONSERVATION",NA,"No",NA,NA,NA,NA,NA,NA,NA,NA,NA,NA,NA,NA,NA,NA,"No",NA,"Too marginal to count as novelty lang: Highlights are a short collection of bullet points that should capture the novel results of your research as well as any new methods used during your study. Highlights will help increase the discoverability of your article via search engines.",NA,NA,NA,"journal for nature conservation"
2025-06-12 12:44:39.219,"LC","Bulletin of the Peabody Museum of Natural History",NA,"No",NA,NA,NA,NA,NA,NA,NA,NA,NA,NA,NA,NA,NA,NA,"No",NA,NA,NA,NA,NA,"bulletin of the peabody museum of natural history"
2025-06-12 12:49:49.415,"LC","CLADISTICS",NA,"No",NA,NA,NA,NA,NA,NA,NA,NA,NA,NA,NA,NA,NA,NA,"Yes",NA,"Novelty lang marginal, absent from research article description","publishes novel conceptual and empirical papers on systematics, including applications of cladistic methodology to medicine, linguistics and other fields.","https://onlinelibrary.wiley.com/page/journal/10960031/homepage/forauthors.html#ToC2",NA,"cladistics"
2025-06-12 12:54:22.336,"LC","Diversity-Basel",NA,"No",NA,NA,NA,NA,NA,NA,NA,NA,NA,NA,NA,NA,NA,NA,"No",NA,NA,NA,NA,NA,"diversity-basel"
2025-06-12 13:53:20.776,"LC","Annual Review of Ecology Evolution and Systematics",NA,"Out of scope for this journal",NA,NA,NA,NA,NA,NA,NA,NA,NA,NA,NA,NA,NA,NA,"No",NA,"Would be interesting to explore degree to which replication studies are discussed in Annual Reviews",NA,NA,NA,"annual review of ecology evolution and systematics"
2025-06-12 14:57:53.159,"LC","ISME Journal",NA,"No",NA,NA,NA,NA,NA,NA,NA,NA,NA,NA,NA,NA,NA,NA,"Yes",NA,"Interesting description of confirmatory research as an expectation:Brief Communications are studies that fall short of the criteria for full research papers (e.g., exciting new results with a relatively simple experimental design and without confirmatory follow-up work expected for an Original Article)./https://academic.oup.com/ismej/pages/general-instructions#Article%20types","When contemplating submission to The ISME Journal one should consider:

Is the research novel and does it represent a major advance for microbial ecology?
Does the work fit within the ecology-focused scope of our journal? 
Has the research been conducted with state-of-the-art approaches? 
If the answer to these questions is yes, the study may well be appropriate for The ISME Journal, regardless of the system being studied.","https://academic.oup.com/ismej/pages/general-instructions#Article%20types",NA,"isme journal"
2025-06-12 15:08:05.274,"LC","NORTHWEST SCIENCE",NA,"No",NA,NA,NA,NA,NA,NA,NA,NA,NA,NA,NA,NA,NA,NA,"No",NA,NA,NA,NA,NA,"northwest science"
2025-06-12 15:11:35.015,"LC","JOURNAL OF EXPERIMENTAL MARINE BIOLOGY AND ECOLOGY",NA,"No",NA,NA,NA,NA,NA,NA,NA,NA,NA,NA,NA,NA,NA,NA,"No",NA,NA,NA,NA,NA,"journal of experimental marine biology and ecology"
2025-06-12 15:15:24.905,"LC","MOLECULAR BIOLOGY AND EVOLUTION",NA,"Yes","Journal Author instructions/guidelines, About the journal (e.g. aims and scope)","MBE does not publish manuscripts containing largely descriptive work, confirmatory research, and discoveries with a limited scope or impact.","https://academic.oup.com/mbe/pages/author-guidelines",NA,NA,NA,NA,"No",NA,NA,NA,"Not accept",NA,NA,"No",NA,NA,NA,NA,NA,"molecular biology and evolution"
2025-06-12 15:32:21.797999,"LC","INSECT SYSTEMATICS & EVOLUTION",NA,"No",NA,NA,NA,NA,NA,NA,NA,NA,NA,NA,NA,NA,NA,NA,"No",NA,NA,NA,NA,NA,"insect systematics & evolution"
2025-06-12 15:38:10.399,"LC","URBAN ECOSYSTEMS",NA,"No",NA,NA,NA,NA,NA,NA,NA,NA,NA,NA,NA,NA,NA,NA,"No",NA,NA,NA,NA,NA,"urban ecosystems"
2025-06-12 15:51:13.596,"LC","PEDOBIOLOGIA",NA,"No",NA,NA,NA,NA,NA,NA,NA,NA,NA,NA,NA,NA,NA,NA,"No",NA,NA,NA,NA,NA,"pedobiologia"
2025-06-12 15:57:50.135,"LC","RUSSIAN JOURNAL OF ECOLOGY",NA,"No",NA,NA,NA,NA,NA,NA,NA,NA,NA,NA,NA,NA,NA,NA,"No",NA,NA,NA,NA,NA,"russian journal of ecology"
2025-06-12 16:01:10.129001,"LC","POLISH JOURNAL OF ECOLOGY",NA,"No",NA,NA,NA,NA,NA,NA,NA,NA,NA,NA,NA,NA,NA,NA,"No",NA,NA,NA,NA,NA,"polish journal of ecology"
2025-06-12 16:05:29.409,"LC","BEHAVIORAL ECOLOGY AND SOCIOBIOLOGY",NA,"No",NA,NA,NA,NA,NA,NA,NA,NA,NA,NA,NA,NA,NA,NA,"Yes",NA,NA,"Original Papers must present scientific results that are essentially new and should be structured according to the guidelines.","https://link.springer.com/journal/265/submission-guidelines",NA,"behavioral ecology and sociobiology"
2025-06-12 17:06:46.37,"LC","Russian Journal of Biological Invasions",NA,"No",NA,NA,NA,NA,NA,NA,NA,NA,NA,NA,NA,NA,NA,NA,"No",NA,NA,NA,NA,NA,"russian journal of biological invasions"
2025-06-12 17:08:31.575,"LC","Systematic Biology",NA,"No",NA,NA,NA,NA,NA,NA,NA,NA,NA,NA,NA,NA,NA,NA,"No",NA,NA,NA,NA,NA,"systematic biology"
2025-06-12 17:13:56.88,"LC","JOURNAL OF ANIMAL ECOLOGY",NA,"No",NA,NA,NA,NA,NA,NA,NA,NA,NA,NA,NA,NA,NA,NA,"Yes",NA,NA,"We publish innovative and significant work and welcome papers that advance the development of ecological theory or methodologies, generate ecological insights beyond the specific study system, or address broad or pressing ecological questions.","https://besjournals.onlinelibrary.wiley.com/journal/13652656",NA,"journal of animal ecology"
2025-06-12 17:22:41.923,"LC","Evolution Medicine and Public Health",NA,"No",NA,NA,NA,NA,NA,NA,NA,NA,NA,NA,NA,NA,NA,NA,"Yes",NA,NA,"To be considered for publication in EMPH , manuscripts must represent a substantial advance in terms of originality, relevance and timeliness.","https://academic.oup.com/emph/pages/Scope_And_Purpose",NA,"evolution medicine and public health"
2025-06-12 18:03:06.105,"LC","Ecosystems and People",NA,"No",NA,NA,NA,NA,NA,NA,NA,NA,NA,NA,NA,NA,NA,NA,"Yes",NA,NA,"Research Papers are full-length articles that contain new and significant findings. The word count should be more than 4000 and no more than 8000 words.","https://www.tandfonline.com/action/authorSubmission?show=instructions&journalCode=tbsm22",NA,"ecosystems and people"
2025-06-12 19:26:16.815,"LC","ECOTOXICOLOGY",NA,"No",NA,NA,NA,NA,NA,NA,NA,NA,NA,NA,NA,NA,NA,NA,"No",NA,NA,NA,NA,NA,"ecotoxicology"
2025-06-12 19:28:47.26,"LC","Journal of Arid Environments",NA,"No",NA,NA,NA,NA,NA,NA,NA,NA,NA,NA,NA,NA,NA,NA,"Yes",NA,NA,"publishing high-quality research papers that provide original insights into critical scientific, environmental, ecological, and people-nature issues in the world's drylands.","https://www.sciencedirect.com/journal/journal-of-arid-environments",NA,"journal of arid environments"
2025-06-12 19:33:41.352,"LC","Journal of Applied Ecology",NA,"No",NA,NA,NA,NA,NA,NA,NA,NA,NA,NA,NA,NA,NA,NA,"Yes",NA,"This seemed too ambiguous to count, esp as novelty does not appear elsewhere: Journal of Applied Ecology publishes novel, broad-reaching papers on the interface between ecological science and the management of the natural environment","Journal of Applied Ecology publishes novel, broad-reaching papers on the interface between ecological science and the management of the natural environment.","https://besjournals.onlinelibrary.wiley.com/hub/journal/13652664/aims-and-scope/read-full-aims-and-scope",NA,"journal of applied ecology"
2025-06-12 19:42:39.484,"LC","NORTHEASTERN NATURALIST",NA,"No",NA,NA,NA,NA,NA,NA,NA,NA,NA,NA,NA,NA,NA,NA,"No",NA,NA,NA,NA,NA,"northeastern naturalist"
2025-06-12 19:59:33.61,"LC","ORYX",NA,"No",NA,NA,NA,NA,NA,NA,NA,NA,NA,NA,NA,NA,NA,NA,"No",NA,NA,NA,NA,NA,"oryx"
2025-06-12 20:07:35.67,"LC","MARINE ECOLOGY PROGRESS SERIES",NA,"No",NA,NA,NA,NA,NA,NA,NA,NA,NA,NA,NA,NA,NA,NA,"Yes",NA,NA,"Research Article - Describing novel research","https://www.int-res.com/for-authors/author-guidelines",NA,"marine ecology progress series"
2025-06-12 20:39:21.109,"LC","Genome Biology and Evolution",NA,"No",NA,NA,NA,NA,NA,NA,NA,NA,NA,NA,NA,NA,NA,NA,"Yes",NA,NA,"Papers considered for publication report novel evolutionary findings that concern natural genome diversity, population genomics, the structure, function, organisation and expression of genomes, comparative genomics, proteomics, and environmental genomic interactions. Major evolutionary insights from the fields of computational biology, structural biology, developmental biology, and cell biology are also considered, as are theoretical advances in the field of genome evolution","https://academic.oup.com/gbe/pages/About",NA,"genome biology and evolution"
2025-06-12 20:58:48.15,"LC","JOURNAL OF TROPICAL ECOLOGY",NA,"No",NA,NA,NA,NA,NA,NA,NA,NA,NA,NA,NA,NA,NA,NA,"Yes",NA,"Not coded as novel due to ambiguity: Research Articles* (5000 words, 5 display items) report on new research findings, empirical or theoretical, usually framed as a test of specific hypotheses contributing to the field of tropical ecology.","Journal of Tropical Ecology (JTE) covers novel, high-impact research in tropical ecology and conservation. / Research Articles* (5000 words, 5 display items) report on new research findings,","https://www.cambridge.org/core/journals/journal-of-tropical-ecology/information/author-instructions",NA,"journal of tropical ecology"
2025-06-12 21:07:12.744,"LC","Journal of Wildlife and Biodiversity",NA,"No",NA,NA,NA,NA,NA,NA,NA,NA,NA,NA,NA,NA,NA,NA,"Yes",NA,NA,"This type of paper presents important new research results of broad significance.","https://www.wildlife-biodiversity.com/index.php/jwb/about/submissions",NA,"journal of wildlife and biodiversity"
2025-06-12 21:15:55.315001,"LC","PROCEEDINGS OF THE ACADEMY OF NATURAL SCIENCES OF PHILADELPHIA",NA,"No",NA,NA,NA,NA,NA,NA,NA,NA,NA,NA,NA,NA,NA,NA,"No",NA,NA,NA,NA,NA,"proceedings of the academy of natural sciences of philadelphia"
2025-06-12 21:25:23.385,"LC","BMC Ecology and Evolution",NA,"No",NA,NA,NA,NA,NA,NA,NA,NA,NA,NA,NA,NA,NA,NA,"No",NA,NA,NA,NA,NA,"bmc ecology and evolution"
2025-06-12 21:34:34.423,"LC","POLAR RESEARCH",NA,"No",NA,NA,NA,NA,NA,NA,NA,NA,NA,NA,NA,NA,NA,NA,"No",NA,NA,NA,NA,NA,"polar research"
2025-06-13 09:25:28.766,"LC","AFRICAN JOURNAL OF ECOLOGY",NA,"No",NA,NA,NA,NA,NA,NA,NA,NA,NA,NA,NA,NA,NA,NA,"Yes",NA,"https://onlinelibrary.wiley.com/page/journal/13652028/homepage/forauthors.html","Research Article (5000 word limit, exclusive of tables, figures and references) – this is the core part of the Journal, containing original research results placed in the context of ecological or conservation theory, and should fundamentally advance and/or change our understanding of ecological principles or of ecological scenarios in Africa.",NA,NA,"african journal of ecology"
2025-06-13 10:29:49.718,"LC","FUNCTIONAL ECOLOGY",NA,"No",NA,NA,NA,NA,NA,NA,NA,NA,NA,NA,NA,NA,NA,NA,"Yes",NA,NA,"Functional Ecology publishes papers that significantly advance our mechanistic understanding of ecological pattern and process from the organismic to the ecosystem scale","https://besjournals.onlinelibrary.wiley.com/hub/journal/13652435/aims-and-scope/read-full-aims-and-scope",NA,"functional ecology"
2025-06-13 10:36:26.556,"LC","Polar Science",NA,"No",NA,NA,NA,NA,NA,NA,NA,NA,NA,NA,NA,NA,NA,NA,"Yes",NA,NA,"Authors may specify the category of the paper as either a full length article or a research note, where full length articles are of high originality and research notes are describing preliminary results of immediate concern.","https://www.sciencedirect.com/journal/polar-science/publish/guide-for-authors",NA,"polar science"
2025-06-13 11:03:59.285,"LC","VIE ET MILIEU-LIFE AND ENVIRONMENT",NA,"No",NA,NA,NA,NA,NA,NA,NA,NA,NA,NA,NA,NA,NA,NA,"No",NA,NA,NA,NA,NA,"vie et milieu-life and environment"
2025-06-13 11:06:11.738,"LC","PLANT ECOLOGY",NA,"No",NA,NA,NA,NA,NA,NA,NA,NA,NA,NA,NA,NA,NA,NA,"No",NA,NA,NA,NA,NA,"plant ecology"
2025-06-13 11:11:11.284,"LC","JOURNAL OF SYSTEMATIC PALAEONTOLOGY",NA,"No",NA,NA,NA,NA,NA,NA,NA,NA,NA,NA,NA,NA,NA,NA,"Yes",NA,NA,"The Journal of Systematic Palaeontology publishes papers that present novel and impactful results in systematics and which use these results as a basis for rigorous analyses of functional morphology, evolution, palaeoecology, palaeobiogeography or biostratigraphy.","https://www.tandfonline.com/journals/tjsp20/about-this-journal",NA,"journal of systematic palaeontology"
2025-06-13 11:14:01.212,"LC","Regional Studies in Marine Science",NA,"No",NA,NA,NA,NA,NA,NA,NA,NA,NA,NA,NA,NA,NA,NA,"No",NA,NA,NA,NA,NA,"regional studies in marine science"
2025-06-13 11:19:58.633,"LC","ECOLOGICAL ENGINEERING",NA,"No",NA,NA,NA,NA,NA,NA,NA,NA,NA,NA,NA,NA,NA,NA,"Yes",NA,NA,"Descriptions of specific applications of ecological engineering are acceptable only when situated within context of adding novelty to current research and emphasizing ecosystem restoration.","https://www.sciencedirect.com/journal/ecological-engineering/publish/guide-for-authors",NA,"ecological engineering"
2025-06-13 11:27:53.956,"LC","AQUATIC ECOLOGY",NA,"No",NA,NA,NA,NA,NA,NA,NA,NA,NA,NA,NA,NA,NA,NA,"No",NA,NA,NA,NA,NA,"aquatic ecology"
2025-06-13 11:30:19.536,"LC","PACIFIC CONSERVATION BIOLOGY",NA,"Yes","Journal Author instructions/guidelines","However, papers that are purely taxonomic or parochial, describe preliminary or incremental results, or simply present data with minimal or no context will not be considered.","https://www.publish.csiro.au/pc/forauthors/AuthorInstructions#6",NA,NA,NA,NA,"No",NA,NA,NA,"Not accept",NA,NA,"No",NA,NA,NA,NA,NA,"pacific conservation biology"
2025-06-13 11:41:24.733,"LC","Landscape and Ecological Engineering",NA,"No",NA,NA,NA,NA,NA,NA,NA,NA,NA,NA,NA,NA,NA,NA,"No",NA,NA,NA,NA,NA,"landscape and ecological engineering"
2025-06-13 11:52:53.428,"LC","Eco mont-Journal on Protected Mountain Areas Research",NA,"No",NA,NA,NA,NA,NA,NA,NA,NA,NA,NA,NA,NA,NA,NA,"No",NA,NA,NA,NA,NA,"eco mont-journal on protected mountain areas research"
2025-06-13 12:02:35.706,"LC","Methods in Ecology and Evolution",NA,"Out of scope for this journal",NA,NA,NA,NA,NA,NA,NA,NA,NA,NA,NA,NA,NA,NA,"Yes",NA,NA,"Research articles describe new methods in ecology and evolution and how they may be used... Similarly, descriptions of workflows that link together existing methods generally are not considered to be new methods.","https://besjournals.onlinelibrary.wiley.com/hub/journal/2041210X/author-guidelines#Article_Types",NA,"methods in ecology and evolution"
2025-06-13 12:17:48.084,"LC","Conservation Physiology",NA,"No",NA,NA,NA,NA,NA,NA,NA,NA,NA,NA,NA,NA,NA,NA,"No",NA,NA,NA,NA,NA,"conservation physiology"
2025-06-13 12:53:15.171,"LC","INVERTEBRATE SYSTEMATICS",NA,"No",NA,NA,NA,NA,NA,NA,NA,NA,NA,NA,NA,NA,NA,NA,"No",NA,NA,NA,NA,NA,"invertebrate systematics"
2025-06-13 14:33:25.574,"LC","ISME Communications",NA,"Yes","Journal Author instructions/guidelines","The following studies will be considered out of scope: Studies that lack novelty per se, but provide independent replication / expansion of earlier studies","https://academic.oup.com/ismecommun/pages/general-instructions",NA,NA,NA,NA,"Yes","Not accept",NA,NA,NA,NA,NA,"Yes",NA,NA,"The journal encourages contributions that offer substantial advances in the study of microbial ecosystems, communities, and interactions of microorganisms in the environment. Focus will be on innovative studies that report on new methodologies in","https://academic.oup.com/ismecommun/pages/general-instructions",NA,"isme communications"
2025-06-13 15:46:21.261,"LC","EvoDevo",NA,"No",NA,NA,NA,NA,NA,NA,NA,NA,NA,NA,NA,NA,NA,NA,"No",NA,NA,NA,NA,NA,"evodevo"
2025-06-13 15:51:02.152,"LC","Evolutionary Bioinformatics",NA,"No",NA,NA,NA,NA,NA,NA,NA,NA,NA,NA,NA,NA,NA,NA,"Yes",NA,NA,"Research Articles should present novel work within the scope of the journal which represents an important advancement in knowledge or understanding.","https://journals.sagepub.com/author-instructions/EVB",NA,"evolutionary bioinformatics"
2025-06-13 15:55:38.156,"LC","ECOLOGICAL MANAGEMENT & RESTORATION",NA,"No",NA,NA,NA,NA,NA,NA,NA,NA,NA,NA,NA,NA,NA,NA,"No",NA,NA,NA,NA,NA,"ecological management & restoration"
2025-06-13 15:59:45.006,"LC","Movement Ecology",NA,"No",NA,NA,NA,NA,NA,NA,NA,NA,NA,NA,NA,NA,NA,NA,"Yes",NA,NA,"Movement Ecology is an open-access interdisciplinary journal publishing novel insights from empirical and theoretical approaches into the ecology of movement of the whole organism – either animals, plants or microorganisms – as the central theme/Manuscripts will be rigorously peer-reviewed to ensure novelty and high quality.","https://movementecologyjournal.biomedcentral.com/",NA,"movement ecology"
2025-06-13 16:28:00.843,"LC","Acta Ecologica Sinica",NA,"No",NA,NA,NA,NA,NA,NA,NA,NA,NA,NA,NA,NA,NA,NA,"Yes",NA,NA,"Ecological Frontiers publishes novel research in ecology, promotes the exchange and cooperation of ecologists and ecological research between developing and developed countries./ We particularly welcome reviews on recent developments in ecology, novel experimental studies, and short communications, new theories, methodologies, new techniques, book reviews, and research news and laboratory introductions.","https://www.sciencedirect.com/journal/ecological-frontiers/about/aims-and-scope",NA,"acta ecologica sinica"
2025-06-13 16:53:03.092999,"LC","Journal of Plant Ecology",NA,"No",NA,NA,NA,NA,NA,NA,NA,NA,NA,NA,NA,NA,NA,NA,"No",NA,NA,NA,NA,NA,"journal of plant ecology"
2025-06-13 20:14:59.84,"LC","South of Russia-Ecology Development",NA,"No",NA,NA,NA,NA,NA,NA,NA,NA,NA,NA,NA,NA,NA,NA,"No","Google Translate",NA,NA,NA,NA,"south of russia-ecology development"
2025-06-14 08:24:22.066,"LC","Hacquetia",NA,"No",NA,NA,NA,NA,NA,NA,NA,NA,NA,NA,NA,NA,NA,NA,"No",NA,NA,NA,NA,NA,"hacquetia"
2025-06-14 08:26:58.4,"LC","JOURNAL OF FRESHWATER ECOLOGY",NA,"No",NA,NA,NA,NA,NA,NA,NA,NA,NA,NA,NA,NA,NA,NA,"No",NA,NA,NA,NA,NA,"journal of freshwater ecology"
2025-06-14 08:30:02.425,"LC","Ecological Questions",NA,"No",NA,NA,NA,NA,NA,NA,NA,NA,NA,NA,NA,NA,NA,NA,"No",NA,NA,NA,NA,NA,"ecological questions"
2025-06-15 20:18:41.444,"LC","JOURNAL OF CHEMICAL ECOLOGY",NA,"No",NA,NA,NA,NA,NA,NA,NA,NA,NA,NA,NA,NA,NA,NA,"Yes",NA,NA,"Papers must be of sufficient breadth (avoiding a regional focus) and novelty to have international appeal.","https://link.springer.com/journal/10886/submission-guidelines#Instructions%20for%20Authors_Manuscript%20Submission",NA,"journal of chemical ecology"
2025-06-15 20:44:54.389,"LC","Global Ecology and Conservation",NA,"Yes","Accepted article types","Research articles contribute to the foundation of scientific knowledge, and can include interdisciplinary, replication studies, and negative or null results.","https://www.sciencedirect.com/journal/global-ecology-and-conservation/publish/guide-for-authors",NA,NA,NA,NA,"Yes","Accept with neutral/no position","Generally accepts",NA,NA,NA,NA,"No",NA,NA,NA,NA,NA,"global ecology and conservation"
2025-06-15 21:21:00.877,"LC","COMPOST SCIENCE & UTILIZATION",NA,"No",NA,NA,NA,NA,NA,NA,NA,NA,NA,NA,NA,NA,NA,NA,"No",NA,NA,NA,NA,NA,"compost science & utilization"
2025-06-16 10:24:02.185,"LC","ECOHYDROLOGY & HYDROBIOLOGY",NA,"No",NA,NA,NA,NA,NA,NA,NA,NA,NA,NA,NA,NA,NA,NA,"No",NA,NA,NA,NA,NA,"ecohydrology & hydrobiology"
2025-06-16 11:00:10.43,"LC","AUSTRAL ECOLOGY",NA,"No",NA,NA,NA,NA,NA,NA,NA,NA,NA,NA,NA,NA,NA,NA,"No",NA,NA,NA,NA,NA,"austral ecology"
2025-06-16 11:04:26.495,"LC","JOURNAL OF VEGETATION SCIENCE",NA,"No",NA,NA,NA,NA,NA,NA,NA,NA,NA,NA,NA,NA,NA,NA,"No",NA,NA,NA,NA,NA,"journal of vegetation science"
2025-06-16 11:26:47.687,"LC","POLAR BIOLOGY",NA,"No",NA,NA,NA,NA,NA,NA,NA,NA,NA,NA,NA,NA,NA,NA,"No",NA,NA,NA,NA,NA,"polar biology"
2025-06-16 11:29:07.566,"LC","Soil Ecology Letters",NA,"No",NA,NA,NA,NA,NA,NA,NA,NA,NA,NA,NA,NA,NA,NA,"No",NA,NA,NA,NA,NA,"soil ecology letters"
2025-06-16 16:30:21.795,"LC","Ecologia Aplicada",NA,"No",NA,NA,NA,NA,NA,NA,NA,NA,NA,NA,NA,NA,NA,NA,"No","Built in",NA,NA,NA,NA,"ecologia aplicada"
2025-06-17 12:53:11.033,"LC","Biology Letters",NA,"Yes","Journal Author instructions/guidelines, Accepted article types","The mission of Biology Letters is to publish short, innovative articles from across the biological sciences that will benefit from rapid publication. Through the publication of outstanding and internationally important work (including replication studies), we aim to create a forum that scientists will use to inform their research.","https://royalsocietypublishing.org/rsbl/for-authors#question1",NA,NA,NA,NA,"Yes","Accept with neutral/no position","Generally accepts",NA,NA,NA,NA,"No",NA,"They suggest replication studies can be innovative: The mission of Biology Letters is to publish short, innovative articles from across the biological sciences that will benefit from rapid publication. Through the publication of outstanding and internationally important work (including replication studies), we aim to create a forum that scientists will use to inform their research.",NA,NA,NA,"biology letters"
2025-06-17 13:10:24.309,"LC","NATURAL AREAS JOURNAL",NA,"No",NA,NA,NA,NA,NA,NA,NA,NA,NA,NA,NA,NA,NA,NA,"No",NA,NA,NA,NA,NA,"natural areas journal"
2025-06-17 13:51:51.526,"LC","POLAR RECORD",NA,"No",NA,NA,NA,NA,NA,NA,NA,NA,NA,NA,NA,NA,NA,NA,"No",NA,NA,NA,NA,NA,"polar record"
2025-06-17 13:59:59.844,"LC","JOURNAL OF MOLECULAR EVOLUTION",NA,"No",NA,NA,NA,NA,NA,NA,NA,NA,NA,NA,NA,NA,NA,NA,"No",NA,NA,NA,NA,NA,"journal of molecular evolution"
2025-06-17 14:23:18.108,"LC","INTERCIENCIA",NA,"No",NA,NA,NA,NA,NA,NA,NA,NA,NA,NA,NA,NA,NA,NA,"No","Built in",NA,NA,NA,NA,"interciencia"
2025-06-17 17:17:38.385,"LC","Human-Wildlife Interactions",NA,"No",NA,NA,NA,NA,NA,NA,NA,NA,NA,NA,NA,NA,NA,NA,"No",NA,NA,NA,NA,NA,"human-wildlife interactions"
2025-06-17 17:25:28.505,"LC","SYSTEMATIC BOTANY",NA,"No",NA,NA,NA,NA,NA,NA,NA,NA,NA,NA,NA,NA,NA,NA,"Yes",NA,"Because they also mention no prior publication, I take originality in this case to mean novelty.","Manuscripts considered to be
significantly lacking in depth, originality, or quality of English grammar or syntax may be
returned without review. Acceptance of papers for publication depends on merit as judged by
each of two or more referees. Manuscripts must not have been previously published in whole or
in part (including other languages) and must not be in consideration for publication in another
journal at the time of submission.","https://static1.squarespace.com/static/585186b615d5db7c9d79d99a/t/684ac9c2c1faef20878bd3ef/1749731778713/Information+for+Authors+2025.pdf",NA,"systematic botany"
2025-06-20 11:44:18.877,"LC","AMERICAN NATURALIST",NA,"No",NA,NA,NA,NA,NA,NA,NA,NA,NA,NA,NA,NA,NA,NA,"Yes",NA,NA,"Its goals are to publish articles that are of broad interest to the readership, pose new and significant problems, introduce novel subjects, develop conceptual unification, and change the way people think. / Thus, the journal welcomes manuscripts that develop new conceptual syntheses, pose new and significant problems, introduce novel subjects to the readership, or change the way people think about a topic. Manuscripts are evaluated for their interest to the broad international readership of researchers in organismal biology.","https://www.journals.uchicago.edu/journals/an/instruct",NA,"american naturalist"
2025-06-20 13:01:22.348,"LC","Fire-Switzerland",NA,"Yes","Journal Author instructions/guidelines","Title: The title of your manuscript should be concise, specific and relevant. It should identify if the study reports (human or animal) trial data, or is a systematic review, meta-analysis or replication study.","http://mdpi.com/journal/fire/instructions",NA,NA,NA,NA,"Yes","Accept with neutral/no position","Generally accepts",NA,NA,NA,NA,"No",NA,NA,NA,NA,NA,"fire-switzerland"
2025-06-20 13:04:32.201,"LC","PROCEEDINGS OF THE LINNEAN SOCIETY OF NEW SOUTH WALES",NA,"No",NA,NA,NA,NA,NA,NA,NA,NA,NA,NA,NA,NA,NA,NA,"No",NA,NA,NA,NA,NA,"proceedings of the linnean society of new south wales"
2025-06-20 13:39:00.646,"LC","ECOLOGY",NA,"No",NA,NA,NA,NA,NA,NA,NA,NA,NA,NA,NA,NA,NA,NA,"No",NA,NA,NA,NA,NA,"ecology"
2025-06-20 13:54:20.912,"LC","International Journal of Ecology & Development",NA,"No",NA,NA,NA,NA,NA,NA,NA,NA,NA,NA,NA,NA,NA,NA,"No",NA,NA,NA,NA,NA,"international journal of ecology & development"
2025-06-20 16:05:35.676,"LC","CONSERVATION BIOLOGY",NA,"No",NA,NA,NA,NA,NA,NA,NA,NA,NA,NA,NA,NA,NA,NA,"Yes",NA,NA,"Conservation Biology welcomes submissions that develop new theory and methods, define key problems, and propose solutions","https://conbio.onlinelibrary.wiley.com/hub/journal/15231739/homepage/forauthors.html",NA,"conservation biology"
2025-06-20 16:23:47.493,"LC","Evolutionary Applications",NA,"No",NA,NA,NA,NA,NA,NA,NA,NA,NA,NA,NA,NA,NA,NA,"Yes",NA,NA,"Original articles - these papers report novel research projects that yield valuable insights into topics within our coverage.","https://onlinelibrary.wiley.com/page/journal/17524571/homepage/forauthors.html",NA,"evolutionary applications"
2025-06-20 16:30:06.307,"LC","SOUTHEASTERN NATURALIST",NA,"No",NA,NA,NA,NA,NA,NA,NA,NA,NA,NA,NA,NA,NA,NA,"No",NA,NA,NA,NA,NA,"southeastern naturalist"
2025-06-20 16:32:36.067,"LC","PERSPECTIVES IN PLANT ECOLOGY EVOLUTION AND SYSTEMATICS",NA,"No",NA,NA,NA,NA,NA,NA,NA,NA,NA,NA,NA,NA,NA,NA,"No",NA,NA,NA,NA,NA,"perspectives in plant ecology evolution and systematics"
2025-06-20 16:34:18.489,"LC","JOURNAL OF SOIL AND WATER CONSERVATION",NA,"No",NA,NA,NA,NA,NA,NA,NA,NA,NA,NA,NA,NA,NA,NA,"No",NA,NA,NA,NA,NA,"journal of soil and water conservation"
2025-06-20 21:01:19.412,"LC","WESTERN NORTH AMERICAN NATURALIST",NA,"No",NA,NA,NA,NA,NA,NA,NA,NA,NA,NA,NA,NA,NA,NA,"No",NA,NA,NA,NA,NA,"western north american naturalist"
2025-06-22 19:13:36.513,"LC","Ecologies",NA,"Yes","Journal Author instructions/guidelines","Title: The title of your manuscript should be concise, specific and relevant. It should identify if the study reports (human or animal) trial data, or is a systematic review, meta-analysis or replication study.","https://www.mdpi.com/journal/ecologies/instructions",NA,NA,NA,NA,"Yes","Accept with neutral/no position","Generally accepts",NA,NA,NA,NA,"No",NA,"Coded no for novelty, but this seems marginal: ""Scope
This journal seeks and encourages submissions on significant and original works""",NA,NA,NA,"ecologies"
2025-06-22 19:22:04.069,"LC","Ecosystem Services",NA,"No",NA,NA,NA,NA,NA,NA,NA,NA,NA,NA,NA,NA,NA,NA,"No",NA,NA,NA,NA,NA,"ecosystem services"
2025-06-22 19:58:47.513,"LC","Evolution Letters",NA,"No",NA,NA,NA,NA,NA,NA,NA,NA,NA,NA,NA,NA,NA,NA,"Yes",NA,NA,"Evolution Letters publishes cutting-edge new research in all areas of evolutionary biology. Papers should demand rapid publication because they substantially advance the field, are of outstanding clarity and originality, or are of broad interest. Papers that introduce new analytical or methodological frameworks that are likely to be highly influential will also be considered.","https://academic.oup.com/evlett/pages/general-instructions#Scope",NA,"evolution letters"
2025-06-22 20:04:48.543,"LC","GLOBAL CHANGE BIOLOGY",NA,"No",NA,NA,NA,NA,NA,NA,NA,NA,NA,NA,NA,NA,NA,NA,"Yes",NA,NA,"Global Change Biology exists to promote new understanding of the interface between biological systems and all aspects of environmental change that affects a substantial part of the globe. /Studies may employ theoretical, modeling, analytical, experimental, observational, and historical approaches and should be exploratory rather than confirmatory.","https://onlinelibrary.wiley.com/page/journal/13652486/homepage/forauthors.html#3",NA,"global change biology"
2025-06-22 20:07:59.072999,"LC","ECOSYSTEMS",NA,"No",NA,NA,NA,NA,NA,NA,NA,NA,NA,NA,NA,NA,NA,NA,"No",NA,NA,NA,NA,NA,"ecosystems"
2025-06-22 20:11:02.366,"LC","APPLIED VEGETATION SCIENCE",NA,"No",NA,NA,NA,NA,NA,NA,NA,NA,NA,NA,NA,NA,NA,NA,"No",NA,NA,NA,NA,NA,"applied vegetation science"
2025-06-22 20:13:48.189,"LC","LANDSCAPE ECOLOGY",NA,"No",NA,NA,NA,NA,NA,NA,NA,NA,NA,NA,NA,NA,NA,NA,"No",NA,NA,NA,NA,NA,"landscape ecology"
2025-06-22 20:19:14.258,"LC","Natural History",NA,"Out of scope for this journal",NA,NA,NA,NA,NA,NA,NA,NA,NA,NA,NA,NA,NA,NA,"No",NA,"https://en.wikipedia.org/wiki/Natural_History_(magazine)",NA,NA,NA,"natural history"
2025-06-22 21:12:22.428,"LC","ECOLOGICAL RESEARCH",NA,"No",NA,NA,NA,NA,NA,NA,NA,NA,NA,NA,NA,NA,NA,NA,"Yes",NA,"Rather than emphasizing the level of originality, we prioritize well-structured articles that clearly demonstrate originality.","Notes and insights
 Word limit. Up to ca. 4000 words excluding references
 Description. Articles reporting preliminary but novel findings from original research that offer valuable insights into ecology.","https://esj-journals.onlinelibrary.wiley.com/hub/journal/14401703/homepage/forauthors",NA,"ecological research"
2025-06-22 21:16:38.916,"LC","JOURNAL OF HEREDITY",NA,"No",NA,NA,NA,NA,NA,NA,NA,NA,NA,NA,NA,NA,NA,NA,"No",NA,NA,NA,NA,NA,"journal of heredity"
2025-06-22 21:21:50.78,"LC","Marine Biology Research",NA,"No",NA,NA,NA,NA,NA,NA,NA,NA,NA,NA,NA,NA,NA,NA,"No",NA,NA,"Original Articles: Reports on important original research relevant to the scope of Journal of Heredity. There is no page limit, but we recommend published articles aim for a 10-page extent, which is about 7500 total words, plus 6-8 tables and figures combined. Shorter communications on current research, important preliminary findings or new techniques are acceptable as Original Articles, but must still be novel, important and of general interest. / Genome Resources: Genome Resources are brief reports of no more than 4000 words and up to four display items, that describe novel de novo whole genome assemblies.","https://academic.oup.com/jhered/pages/Msprep_Submission",NA,"marine biology research"
2025-06-22 21:26:51.158,"LC","SYSTEMATIC ENTOMOLOGY",NA,"No",NA,NA,NA,NA,NA,NA,NA,NA,NA,NA,NA,NA,NA,NA,"No",NA,NA,NA,NA,NA,"systematic entomology"
2025-06-22 21:31:26.481,"LC","WEB ECOLOGY",NA,"No",NA,NA,NA,NA,NA,NA,NA,NA,NA,NA,NA,NA,NA,NA,"Yes",NA,NA,"Standard articles are the main section of the journal and represent original studies that offer interesting and new insights into ecological patterns and processes. The abstract should not exceed 250 words","https://www.web-ecology.net/about/manuscript_types.html",NA,"web ecology"
2025-06-22 21:47:48.013,"LC","Remote Sensing in Ecology and Conservation",NA,"No",NA,NA,NA,NA,NA,NA,NA,NA,NA,NA,NA,NA,NA,NA,"Yes",NA,NA,"Cover letter detailing the key findings, the novelty of the work and how the manuscript fits the aims and scope of the journal","https://zslpublications.onlinelibrary.wiley.com/hub/journal/20563485/author-guidelines",NA,"remote sensing in ecology and conservation"
2025-06-22 21:52:13.899,"LC","WILDLIFE RESEARCH",NA,"No",NA,NA,NA,NA,NA,NA,NA,NA,NA,NA,NA,NA,NA,NA,"Yes",NA,NA,"All papers should aim to improve the practice of wildife management and contribute conceptual advances to our knowledge and understanding of wildlife ecology.","https://www.publish.csiro.au/wr/forauthors/AuthorInstructions",NA,"wildlife research"
2025-06-22 21:56:35.686,"LC","Biogeosciences",NA,"No",NA,NA,NA,NA,NA,NA,NA,NA,NA,NA,NA,NA,NA,NA,"No",NA,NA,NA,NA,NA,"biogeosciences"
2025-06-23 14:40:14.697,"LC","Neotropical Biodiversity",NA,"No",NA,NA,NA,NA,NA,NA,NA,NA,NA,NA,NA,NA,NA,NA,"No",NA,"Unable to find much info on publisher's site: https://www.tandfonline.com/journals/tneo20",NA,NA,NA,"neotropical biodiversity"
2025-06-23 14:43:37.208,"LC","BIOCHEMICAL SYSTEMATICS AND ECOLOGY",NA,"No",NA,NA,NA,NA,NA,NA,NA,NA,NA,NA,NA,NA,NA,NA,"No",NA,NA,NA,NA,NA,"biochemical systematics and ecology"
2025-06-23 15:33:12.546,"LC","EVOLUTION & DEVELOPMENT",NA,"No",NA,NA,NA,NA,NA,NA,NA,NA,NA,NA,NA,NA,NA,NA,"No",NA,NA,NA,NA,NA,"evolution & development"
2025-06-23 15:42:40.53,"LC","ANNALES ZOOLOGICI FENNICI",NA,"No",NA,NA,NA,NA,NA,NA,NA,NA,NA,NA,NA,NA,NA,NA,"No",NA,NA,NA,NA,NA,"annales zoologici fennici"
2025-06-23 16:40:37.406,"LC","POPULATION ECOLOGY",NA,"No",NA,NA,NA,NA,NA,NA,NA,NA,NA,NA,NA,NA,NA,NA,"No",NA,NA,NA,NA,NA,"population ecology"
2025-06-23 17:01:46.601,"LC","Theoretical Ecology",NA,"No",NA,NA,NA,NA,NA,NA,NA,NA,NA,NA,NA,NA,NA,NA,"No",NA,NA,NA,NA,NA,"theoretical ecology"
2025-06-23 17:28:44.458001,"LC","Folia Oecologica",NA,"No",NA,NA,NA,NA,NA,NA,NA,NA,NA,NA,NA,NA,NA,NA,"No",NA,NA,NA,NA,NA,"folia oecologica"
2025-06-23 17:33:38.056,"LC","Arid Ecosystems",NA,"No",NA,NA,NA,NA,NA,NA,NA,NA,NA,NA,NA,NA,NA,NA,"No",NA,NA,NA,NA,NA,"arid ecosystems"
2025-06-23 17:48:34.646,"LC","JOURNAL OF EXPERIMENTAL ZOOLOGY PART B-MOLECULAR AND DEVELOPMENTAL EVOLUTION",NA,"No",NA,NA,NA,NA,NA,NA,NA,NA,NA,NA,NA,NA,NA,NA,"No",NA,NA,NA,NA,NA,"journal of experimental zoology part b-molecular and developmental evolution"
2025-06-24 08:31:29.001999,"JP","BULLETIN OF THE AMERICAN MUSEUM OF NATURAL HISTORY",NA,"No",NA,NA,NA,NA,NA,NA,NA,NA,NA,NA,NA,NA,NA,NA,"Yes",NA,NA,"Bulletin of the American Museum of Natural History has been published continuously since 1881. It contains new discoveries in the field of natural sciences relating to zoology, paleontology, and geology.","https://bioone.org/journals/bulletin-of-the-american-museum-of-natural-history/author-guidelines",NA,"bulletin of the american museum of natural history"
2025-06-24 08:45:25.739,"JP","MOLECULAR ECOLOGY",NA,"No",NA,NA,NA,NA,NA,NA,NA,NA,NA,NA,NA,NA,NA,NA,"No",NA,NA,NA,NA,NA,"molecular ecology"
2025-06-24 13:56:10.708,"LC","PLANT SYSTEMATICS AND EVOLUTION",NA,"No",NA,NA,NA,NA,NA,NA,NA,NA,NA,NA,NA,NA,NA,NA,"Yes",NA,NA,"All papers must focus on timely research which provides new insights into aspects of plant systematics and evolution. The topic should be original and of general interest to our readers.","https://link.springer.com/journal/606/submission-guidelines#Instructions%20for%20Authors_Article%20types",NA,"plant systematics and evolution"
2025-06-24 20:53:27.012,"LC","EVOLUTIONARY ECOLOGY",NA,"No",NA,NA,NA,NA,NA,NA,NA,NA,NA,NA,NA,NA,NA,NA,"Yes",NA,NA,"Evolutionary Ecology seeks papers with a clear novelty. They should yield new insights into the effects of ecology on evolutionary processes and/or the effects of evolution on ecological processes. By ecology it is meant the interactions between organisms and their environment. The best papers should pose a new and significant problem (with empirical evidence) and change the way people think about the topic of the paper.","https://link.springer.com/journal/10682/aims-and-scope",NA,"evolutionary ecology"
2025-06-24 20:58:23.226,"LC","PLANT SPECIES BIOLOGY",NA,"No",NA,NA,NA,NA,NA,NA,NA,NA,NA,NA,NA,NA,NA,NA,"Yes",NA,NA,"Submission of manuscripts reporting incremental advances or having geographically-limited interest is discouraged, unless the findings have broader implications that can be generalized.","https://esj-journals.onlinelibrary.wiley.com/hub/journal/14421984/homepage/forauthors.html#Aims",NA,"plant species biology"
2025-06-24 21:31:54.647,"LC","FLORA",NA,"No",NA,NA,NA,NA,NA,NA,NA,NA,NA,NA,NA,NA,NA,NA,"No",NA,NA,NA,NA,NA,"flora"
2025-06-24 21:37:09.786,"LC","TROPICAL ECOLOGY",NA,"No",NA,NA,NA,NA,NA,NA,NA,NA,NA,NA,NA,NA,NA,NA,"No",NA,NA,NA,NA,NA,"tropical ecology"
2025-06-24 21:40:23.503,"LC","HEREDITY",NA,"No",NA,NA,NA,NA,NA,NA,NA,NA,NA,NA,NA,NA,NA,NA,"No",NA,NA,NA,NA,NA,"heredity"
2025-06-24 21:43:20.066,"LC","Ecological Restoration",NA,"No",NA,NA,NA,NA,NA,NA,NA,NA,NA,NA,NA,NA,NA,NA,"No",NA,NA,NA,NA,NA,"ecological restoration"
2025-06-24 21:53:04.868,"LC","Current Opinion in Insect Science",NA,"Out of scope for this journal",NA,NA,NA,NA,NA,NA,NA,NA,NA,NA,NA,NA,NA,NA,"No",NA,NA,NA,NA,NA,"current opinion in insect science"
2025-06-25 16:03:54.168,"LC","MICROBIAL ECOLOGY",NA,"No",NA,NA,NA,NA,NA,NA,NA,NA,NA,NA,NA,NA,NA,NA,"No",NA,NA,NA,NA,NA,"microbial ecology"
2025-06-25 16:28:50.932,"LC","EUROPEAN JOURNAL OF WILDLIFE RESEARCH",NA,"No",NA,NA,NA,NA,NA,NA,NA,NA,NA,NA,NA,NA,NA,NA,"Yes",NA,NA,"Original Papers must present scientific results that are essentially new and that have not been published or are not being considered for publication elsewhere. / Reviews should cover a topic of current interest and present novel insights or conclusions. / Short Communications should also report novel results. / Technical Notes should describe novel techniques or methodological improvements for wildlife research in a broad sense, including molecular methods, remote surveillance, monitoring, capture and sampling methods, diagnostic tests, etc.","https://link.springer.com/journal/10344/submission-guidelines",NA,"european journal of wildlife research"
2025-06-25 16:46:59.837,"LC","Ideas in Ecology and Evolution",NA,"Out of scope for this journal",NA,NA,NA,NA,NA,NA,NA,NA,NA,NA,NA,NA,NA,NA,"Yes",NA,NA,"The central mission of this journal is to provide a rapidly published repository for cutting-edge novel thinking and opinion-pieces—to serve effectively as a ‘catalogue' for modellers and empiricists, as well as for educators and the media, from which they can ‘shop' for original ideas and hypotheses that have been subjected to critical evaluation and response by professional biologists, and that are available to be explored, debated and tested.","https://ojs.library.queensu.ca/index.php/IEE/about",NA,"ideas in ecology and evolution"
2025-06-25 21:27:15.182,"LC","ACTA OECOLOGICA-INTERNATIONAL JOURNAL OF ECOLOGY",NA,"No",NA,NA,NA,NA,NA,NA,NA,NA,NA,NA,NA,NA,NA,NA,"No",NA,NA,NA,NA,NA,"acta oecologica-international journal of ecology"
2025-06-25 21:35:06.47,"LC","Ecosystem Health and Sustainability",NA,"No",NA,NA,NA,NA,NA,NA,NA,NA,NA,NA,NA,NA,NA,NA,"No",NA,NA,NA,NA,NA,"ecosystem health and sustainability"
2025-06-25 21:43:49.684999,"LC","TAXON",NA,"No",NA,NA,NA,NA,NA,NA,NA,NA,NA,NA,NA,NA,NA,NA,"No",NA,NA,NA,NA,NA,"taxon"
2025-06-25 21:47:41.476,"LC","Integrative Organismal Biology",NA,"No",NA,NA,NA,NA,NA,NA,NA,NA,NA,NA,NA,NA,NA,NA,"No",NA,NA,NA,NA,NA,"integrative organismal biology"
2025-06-26 09:17:44.69,"LC","LANDSCAPE AND URBAN PLANNING",NA,"Yes","Accepted article types","A Research Note is a concise but complete description of a limited investigation that will not be included in a later paper. It provides one of the following functions: (1) presenting initial proof-of-concept results on new ideas, timely issues, or innovative approaches; (2) reporting replications or extensions of previously published research that does not merit another full-length treatment yet provides results that contribute to a greater understanding of the phenomena under study.","https://www.sciencedirect.com/journal/landscape-and-urban-planning/publish/guide-for-authors",NA,NA,NA,NA,"Yes","Accept with neutral/no position","Other","Replication studies accepted as Research Note article type. Could alternatively be coded as Special Article type.",NA,NA,NA,"No",NA,NA,NA,NA,NA,"landscape and urban planning"
2025-06-26 15:36:48.038,"LC","BASIC AND APPLIED ECOLOGY",NA,"No",NA,NA,NA,NA,NA,NA,NA,NA,NA,NA,NA,NA,NA,NA,"No",NA,NA,NA,NA,NA,"basic and applied ecology"
2025-06-26 21:26:51.004,"LC","MOLECULAR PHYLOGENETICS AND EVOLUTION",NA,"No",NA,NA,NA,NA,NA,NA,NA,NA,NA,NA,NA,NA,NA,NA,"No",NA,NA,NA,NA,NA,"molecular phylogenetics and evolution"
2025-07-01 05:27:24.61,"JP","JOURNAL OF EVOLUTIONARY BIOLOGY",NA,"Yes","Journal Author instructions/guidelines, About the journal (e.g. aims and scope)","We are happy to publish negative results as long as these provide robust new insights, but will not normally publish studies that replicate previous results in the same or different taxa (unless doing so provides genuinely novel understanding).","https://academic.oup.com/jeb/pages/about","Research Article: These are reports of new research findings or conceptual analyses that make a significant contribution to the field.","https://academic.oup.com/jeb/pages/general-instructions",NA,NA,"Yes","Not accept",NA,NA,NA,NA,NA,"Yes",NA,NA,"s such, the journal will prioritise robust and well-executed studies that ask novel questions and/or provide new insights, generalisable across taxonomic groups.","https://academic.oup.com/jeb/pages/general-instructions",NA,"journal of evolutionary biology"
2025-07-02 06:13:15.06,"MP","ECOLOGICAL APPLICATIONS",NA,"No",NA,NA,NA,NA,NA,NA,NA,NA,NA,NA,NA,NA,NA,NA,"No",NA,NA,NA,NA,NA,"ecological applications"
2025-07-02 06:20:53.581,"MP","JOURNAL OF ECOLOGY",NA,"No",NA,NA,NA,NA,NA,NA,NA,NA,NA,NA,NA,NA,NA,NA,"Yes",NA,NA,"Manuscript unsuitable - the subject matter is inappropriate for the journal or the paper lacks novelty or is of insufficient general interest. The paper is therefore not sent out for peer review.","https://besjournals.onlinelibrary.wiley.com/hub/journal/13652745/author-guidelines",NA,"journal of ecology"
2025-07-02 06:24:04.816,"MP","PHYTOCOENOLOGIA",NA,"No",NA,NA,NA,NA,NA,NA,NA,NA,NA,NA,NA,NA,NA,NA,"No",NA,NA,NA,NA,NA,"phytocoenologia"
2025-07-02 07:01:59.472,"MP","WILDLIFE MONOGRAPHS",NA,"No",NA,NA,NA,NA,NA,NA,NA,NA,NA,NA,NA,NA,NA,NA,"No",NA,NA,NA,NA,NA,"wildlife monographs"
2025-07-02 07:06:22.119,"MP","JOURNAL OF EVOLUTIONARY BIOCHEMISTRY AND PHYSIOLOGY",NA,"No",NA,NA,NA,NA,NA,NA,NA,NA,NA,NA,NA,NA,NA,NA,"No",NA,NA,NA,NA,NA,"journal of evolutionary biochemistry and physiology"
2025-07-02 07:10:19.743001,"MP","ZOOLOGICA SCRIPTA",NA,"No",NA,NA,NA,NA,NA,NA,NA,NA,NA,NA,NA,NA,NA,NA,"Yes",NA,NA,"Articles published in Zoologica Scripta must be original and present new findings of either theoretical or empirical studies of interest to a broad audience in animal systematics and phylogeny.","https://onlinelibrary.wiley.com/page/journal/14636409/homepage/productinformation.html",NA,"zoologica scripta"
2025-07-02 07:12:27.055,"MP","POLISH POLAR RESEARCH",NA,"No",NA,NA,NA,NA,NA,NA,NA,NA,NA,NA,NA,NA,NA,NA,"No",NA,NA,NA,NA,NA,"polish polar research"
2025-07-02 07:17:29.081,"MP","JOURNAL OF ZOOLOGICAL SYSTEMATICS AND EVOLUTIONARY RESEARCH",NA,"Yes","Journal Author instructions/guidelines","Representative of a specific advance, or replication, or null/negative result, which is worthy of publication.","https://onlinelibrary.wiley.com/page/journal/jzs/homepage/author-guidelines","In the spirit of sharing findings through our open science mission, emphasis is not placed on novelty, interest, or perceived impact. Replication studies, particularly of research published in this journal, are encouraged.","https://onlinelibrary.wiley.com/page/journal/jzs/homepage/author-guidelines",NA,NA,"Yes","Accept and encourage","Generally accepts",NA,NA,NA,NA,"No",NA,NA,NA,NA,NA,"journal of zoological systematics and evolutionary research"
2025-07-02 07:21:55.757,"MP","BIOTROPICA",NA,"No",NA,NA,NA,NA,NA,NA,NA,NA,NA,NA,NA,NA,NA,NA,"No",NA,NA,NA,NA,NA,"biotropica"
2025-07-02 07:25:41.039,"MP","BIODIVERSITY AND CONSERVATION",NA,"No",NA,NA,NA,NA,NA,NA,NA,NA,NA,NA,NA,NA,NA,NA,"No",NA,NA,NA,NA,NA,"biodiversity and conservation"
2025-07-03 08:47:30.92,"MP","Fungal Ecology",NA,"No",NA,NA,NA,NA,NA,NA,NA,NA,NA,NA,NA,NA,NA,NA,"Yes",NA,"Not sure if this counts as novelty: The usual prerequisites for publication will be originality, clarity, and significance as relevant to a better understanding of the ecology of fungi. (https://www.sciencedirect.com/journal/fungal-ecology/publish/guide-for-authors)","The usual prerequisites for publication will be originality, clarity, and significance as relevant to a better understanding of the ecology of fungi.","https://www.sciencedirect.com/journal/fungal-ecology/publish/guide-for-authors",NA,"fungal ecology"
2025-07-03 08:56:57.711,"MP","FRESHWATER BIOLOGY",NA,"No",NA,NA,NA,NA,NA,NA,NA,NA,NA,NA,NA,NA,NA,NA,"No",NA,NA,NA,NA,NA,"freshwater biology"
2025-07-03 09:00:11.402,"MP","Fire Ecology",NA,"No",NA,NA,NA,NA,NA,NA,NA,NA,NA,NA,NA,NA,NA,NA,"No",NA,NA,NA,NA,NA,"fire ecology"
2025-07-03 09:03:17.244,"MP","International Journal for Parasitology-Parasites and Wildlife",NA,"No",NA,NA,NA,NA,NA,NA,NA,NA,NA,NA,NA,NA,NA,NA,"No",NA,NA,NA,NA,NA,"international journal for parasitology-parasites and wildlife"
2025-07-03 09:07:41.516,"MP","Plants People Planet",NA,"No",NA,NA,NA,NA,NA,NA,NA,NA,NA,NA,NA,NA,NA,NA,"Yes",NA,NA,"Opinions should provide novel and constructive perspectives related to debates of broad interest, or consider the role of plants or plant-focused research in innovative ways to advance thinking on global issues. / Methods and Techniques provide a forum for novel inter/transdisciplinary approaches for researchers, practitioners and educators at the interface between plants and society. / Rather than documenting existing literature, Thomas Reviews focus on synthesising knowledge and presenting novel ideas and perspectives to drive forward research and highlight the wider societal impact of plants for people and the planet. / Opinion articles should provide novel and constructive perspectives related to debates of broad interest, or consider the role of plants or plant-focused research in innovative ways to advance thinking on global issues.","https://nph.onlinelibrary.wiley.com/hub/journal/25722611/aims-and-scope/read-full-aims-and-scope / https://nph.onlinelibrary.wiley.com/hub/journal/25722611/about/author-guidelines",NA,"plants people planet"
2025-07-03 09:11:28.074,"MP","MAMMAL REVIEW",NA,"No",NA,NA,NA,NA,NA,NA,NA,NA,NA,NA,NA,NA,NA,NA,"Yes",NA,NA,"Reviews should draw together information from various sources in the public domain (e.g. journal papers, theses, reports, data archives, gene bank sequences) for a new synthesis/Predictive Reviews use quantitative models to provide major new insights into mammalian biology","https://onlinelibrary.wiley.com/page/journal/13652907/homepage/forauthors.html",NA,"mammal review"
2025-07-03 09:58:26.317,"MP","DEVELOPMENT GENES AND EVOLUTION",NA,"No",NA,NA,NA,NA,NA,NA,NA,NA,NA,NA,NA,NA,NA,NA,"No",NA,"Journal uses new name - Discover Developmental Biology: https://link.springer.com/journal/427/aims-and-scope",NA,NA,NA,"development genes and evolution"
2025-07-03 10:01:44.223,"MP","ANTHROPOLOGICAL SCIENCE",NA,"No",NA,NA,NA,NA,NA,NA,NA,NA,NA,NA,NA,NA,NA,NA,"No",NA,"Not sure about novelty: Submitted papers must be based on original research, and not published or under consideration for publication elsewhere (https://www.anthropology.jp/english/anthropological_science/173.html)",NA,NA,NA,"anthropological science"
2025-07-03 10:05:16.818,"MP","JOURNAL OF BIOGEOGRAPHY",NA,"No",NA,NA,NA,NA,NA,NA,NA,NA,NA,NA,NA,NA,NA,NA,"Yes",NA,NA,"Manuscripts submitted to Journal of Biogeography should be original and innovative, concise, well written, rigorously analyzed and argued, and consequential. / Nonetheless, as disciplinary and publishing trends change, to remain at the forefront of biogeography, the journal must innovate such that it represents not only core biogeography but also novel advances in emerging areas. / Research Articles present new biogeographic research, usually resulting from the analysis of a novel question and hypotheses. / Letters present novel and impactful findings in a shorter format. / Differences in opinion regarding the novelty or significance of the reported findings are not considered as grounds for appeal.","https://onlinelibrary.wiley.com/page/journal/13652699/homepage/forauthors.html",NA,"journal of biogeography"
2025-07-03 10:07:50.081,"MP","Czech Polar Reports",NA,"No",NA,NA,NA,NA,NA,NA,NA,NA,NA,NA,NA,NA,NA,NA,"No",NA,NA,NA,NA,NA,"czech polar reports"
2025-07-03 10:10:53.866,"MP","ECOSCIENCE",NA,"No",NA,NA,NA,NA,NA,NA,NA,NA,NA,NA,NA,NA,NA,NA,"No",NA,NA,NA,NA,NA,"ecoscience"
2025-07-03 10:30:46.54,"MP","REVISTA CHILENA DE HISTORIA NATURAL",NA,"No",NA,NA,NA,NA,NA,NA,NA,NA,NA,NA,NA,NA,NA,NA,"No",NA,NA,NA,NA,NA,"revista chilena de historia natural"
2025-07-03 10:42:16.144,"MP","American Journal of Biological Anthropology",NA,"No",NA,NA,NA,NA,NA,NA,NA,NA,NA,NA,NA,NA,NA,NA,"No",NA,"Not sure about novelty: The acceptance criteria for all papers are the quality and originality of the research and its significance to journal readership (https://onlinelibrary.wiley.com/page/journal/26927691/homepage/forauthors.html).",NA,NA,NA,"american journal of biological anthropology"
2025-07-03 10:44:40.948,"MP","BIOLOGICAL INVASIONS",NA,"No",NA,NA,NA,NA,NA,NA,NA,NA,NA,NA,NA,NA,NA,NA,"Yes",NA,NA,"Novel empirical and theoretical research on topics in invasion biology, such as ecological consequences of invasions (including changes in community and ecosystem structure and processes), factors that influence transport, establishment, and spread of invasions, mechanisms that control the abundance and distribution of invasive species, biogeography, genetics of invaders (as genetics casts light on processes and pathways of invasions), dispersal vectors, evolutionary consequences of invasions in both historical and geological time, innovative management techniques, and analytical syntheses and overviews of invasive biotas. Authors must, in their cover letters, explain how the reported research is novel and exciting.","https://link.springer.com/journal/10530/submission-guidelines",NA,"biological invasions"
2025-07-03 10:51:20.787,"MP","BEHAVIORAL ECOLOGY",NA,"No",NA,NA,NA,NA,NA,NA,NA,NA,NA,NA,NA,NA,NA,NA,"No",NA,"Not sure about novelty: The originality and general significance for the field of Behavioral Ecology as judged by the referees and Editors will be important criteria for the decision to accept submissions to the journal for publication (https://academic.oup.com/beheco/pages/information_for_authors).",NA,NA,NA,"behavioral ecology"
2025-07-03 10:54:10.765,"MP","COMMUNITY ECOLOGY",NA,"No",NA,NA,NA,NA,NA,NA,NA,NA,NA,NA,NA,NA,NA,NA,"No",NA,NA,NA,NA,NA,"community ecology"
2025-07-03 10:56:26.59,"MP","RANGELAND JOURNAL",NA,"No",NA,NA,NA,NA,NA,NA,NA,NA,NA,NA,NA,NA,NA,NA,"No",NA,NA,NA,NA,NA,"rangeland journal"
2025-07-03 10:58:51.289,"MP","African Journal of Wildlife Research",NA,"No",NA,NA,NA,NA,NA,NA,NA,NA,NA,NA,NA,NA,NA,NA,"No",NA,NA,NA,NA,NA,"african journal of wildlife research"
2025-07-03 11:04:07.959,"MP","BIOLOGICAL CONSERVATION",NA,"Yes","Journal Author instructions/guidelines","Short communications highlight both novel research and replication studies that report preliminary findings that are particularly compelling and highly relevant to conservation science and practice. If submitting a replication study, please include in your cover letter the rationale for undertaking the study. Short communications should not exceed 4,000 words.","https://www.sciencedirect.com/journal/biological-conservation/publish/guide-for-authors",NA,NA,NA,NA,"Yes","Accept with neutral/no position","Special article type",NA,NA,NA,NA,"No",NA,NA,NA,NA,NA,"biological conservation"
2025-07-03 11:07:51.605,"MP","Ecohydrology",NA,"No",NA,NA,NA,NA,NA,NA,NA,NA,NA,NA,NA,NA,NA,NA,"No",NA,NA,NA,NA,NA,"ecohydrology"
2025-07-03 11:11:12.489,"MP","THEORETICAL POPULATION BIOLOGY",NA,"No",NA,NA,NA,NA,NA,NA,NA,NA,NA,NA,NA,NA,NA,NA,"No",NA,NA,NA,NA,NA,"theoretical population biology"
2025-07-03 11:13:05.233,"MP","INTERNATIONAL JOURNAL OF SUSTAINABLE DEVELOPMENT AND WORLD ECOLOGY",NA,"No",NA,NA,NA,NA,NA,NA,NA,NA,NA,NA,NA,NA,NA,NA,"Yes",NA,NA,"The International Journal of Sustainable Development & World Ecology is a interdisciplinary journal for publishing cutting-edge research with novel concepts and broad significance on socioeconomic and environmental sustainability on the Earth.","https://www.tandfonline.com/journals/tsdw20/about-this-journal#aims-and-scope",NA,"international journal of sustainable development and world ecology"
2025-07-03 11:14:26.598,"MP","JOURNAL OF HUMAN EVOLUTION",NA,"No",NA,NA,NA,NA,NA,NA,NA,NA,NA,NA,NA,NA,NA,NA,"No",NA,"Not sure about novelty: Highlights are a short collection of bullet points that should capture the novel results of your research as well as any new methods used during your study.",NA,NA,NA,"journal of human evolution"
2025-07-03 11:15:55.454,"MP","AGRICULTURE ECOSYSTEMS & ENVIRONMENT",NA,"No",NA,NA,NA,NA,NA,NA,NA,NA,NA,NA,NA,NA,NA,NA,"Yes",NA,NA,"Agriculture, Ecosystems & Environment publishes novel, high impact research conducted at various spatial scales - from experimental plots and field trials to farm-, agroecosystem- and landscape-level investigations - with preference given to hypothesis-based and/or data-rich investigations. We particularly encourage broadly significant studies of agroecosystems that deal with cross-scale interactions, bridge scientific disciplines or integrate new knowledge and perspectives relevant to agroecosystem management or agri-environmental policies. / Highlights are a short collection of bullet points that should capture the novel results of your research as well as any new methods used during your study.","https://www.sciencedirect.com/journal/agriculture-ecosystems-and-environment/about/aims-and-scope / https://www.sciencedirect.com/journal/agriculture-ecosystems-and-environment/publish/guide-for-authors",NA,"agriculture ecosystems & environment"
2025-07-03 11:17:36.054,"MP","CHEMOECOLOGY",NA,"No",NA,NA,NA,NA,NA,NA,NA,NA,NA,NA,NA,NA,NA,NA,"No",NA,"Chemoecology WILL BE MERGING WITH Journal of Chemical Ecology AT THE END OF 2025.",NA,NA,NA,"chemoecology"
2025-07-03 11:20:19.491,"MP","Evolutionary Biology",NA,"No",NA,NA,NA,NA,NA,NA,NA,NA,NA,NA,NA,NA,NA,NA,"Yes",NA,"Not 100% sure about novelty.","Authors are encouraged to submit papers presenting novel conceptual frameworks or major challenges to accepted ideas. / These reviews will define the direction of a field, build conceptual links between disciplines, or present novel conceptual frameworks within fields. They are not simple reviews in that a central argument or novel idea is essential in each paper.","https://link.springer.com/journal/11692/aims-and-scope / https://link.springer.com/journal/11692/submission-guidelines",NA,"evolutionary biology"
2025-07-03 11:22:27.346,"MP","ECOLOGICAL ECONOMICS",NA,"No",NA,NA,NA,NA,NA,NA,NA,NA,NA,NA,NA,NA,NA,NA,"No",NA,"Not sure about novelty: All submissions to Ecological Economics are reviewed using the general criteria of quality, creativity, originality, accuracy, and contribution to the field. There are several categories of articles to allow for a full range of constructive dialogue. / Highlights are a short collection of bullet points that should capture the novel results of your research as well as any new methods used during your study. (https://www.sciencedirect.com/journal/ecological-economics/publish/guide-for-authors)",NA,NA,NA,"ecological economics"
2025-07-03 11:23:49.19,"MP","CHEMISTRY AND ECOLOGY",NA,"No",NA,NA,NA,NA,NA,NA,NA,NA,NA,NA,NA,NA,NA,NA,"No",NA,NA,NA,NA,NA,"chemistry and ecology"
2025-07-03 11:31:50.262001,"MP","OECOLOGIA",NA,"No",NA,NA,NA,NA,NA,NA,NA,NA,NA,NA,NA,NA,NA,NA,"Yes",NA,NA,"Original Research provide the core of our journal and represent original investigations that offer new insights into ecological systems.","https://link.springer.com/journal/442/aims-and-scope",NA,"oecologia"
2025-07-03 11:33:56.947,"MP","Food Webs",NA,"Yes","Journal Author instructions/guidelines, Accepted article types","Research Papers should report the results of original research. The material should not have been previously published elsewhere. Articles are expected to contribute new information (e.g. novel methods of analysis with added new insights and impacts) to the knowledge base in the field, not just to confirm previously published work.","https://www.sciencedirect.com/journal/food-webs/publish/guide-for-authors",NA,NA,NA,NA,"No",NA,NA,NA,"Not accept",NA,NA,"Yes",NA,NA,"Articles are expected to contribute new information (e.g. novel methods of analysis with added new insights and impacts) to the knowledge base in the field, not just to confirm previously published work. / Data-driven communications that detail novel feeding relationships, but are not extensive enough to warrant a full manuscript. All submissions will move through the same review process as full articles. / Highlights are a short collection of bullet points that should capture the novel results of your research as well as any new methods used during your study.","https://www.sciencedirect.com/journal/food-webs/publish/guide-for-authors",NA,"food webs"
2025-07-03 11:36:59.247,"MP","ANIMAL CONSERVATION",NA,"No",NA,NA,NA,NA,NA,NA,NA,NA,NA,NA,NA,NA,NA,NA,"Yes",NA,NA,"Animal Conservation provides a forum for rapid publication of novel, peer-reviewed research into the conservation of animal species and their habitats. / A central theme is to publish important new ideas of broad interest and with findings that advance the scientific basis of conservation. / Abstract of not more than 300 words which should list the main results and conclusions. The abstract should also explain the importance of the paper in a way that is accessible to non-specialists and should describe the novel aspects of the research and highlight the relevance of the findings to other taxa, conservation practice or policy, or general principles in conservation biology.","https://zslpublications.onlinelibrary.wiley.com/hub/journal/14691795/aims-and-scope/read-full-aims-and-scope / https://zslpublications.onlinelibrary.wiley.com/hub/journal/14691795/about/author-guidelines",NA,"animal conservation"
2025-07-03 11:39:14.828,"MP","Contemporary Problems of Ecology",NA,"No",NA,NA,NA,NA,NA,NA,NA,NA,NA,NA,NA,NA,NA,NA,"No",NA,NA,NA,NA,NA,"contemporary problems of ecology"
2025-07-03 11:42:20.612,"MP","FRONTIERS IN ECOLOGY AND THE ENVIRONMENT",NA,"No",NA,NA,NA,NA,NA,NA,NA,NA,NA,NA,NA,NA,NA,NA,"Yes",NA,NA,"Known for clearly articulated, novel research, Frontiers in Ecology and the Environment publishes interdisciplinary, problem-oriented articles. / Research Communications are relatively short, novel, high-impact papers that showcase primary research and clearly demonstrate the importance and application of ecological and related environmental science to conservation, management, or policy making.","https://esajournals.onlinelibrary.wiley.com/journal/15409309 / https://esajournals.onlinelibrary.wiley.com/hub/journal/15409309/resources/author-guidelines-FEE",NA,"frontiers in ecology and the environment"
2025-07-03 11:44:18.461,"MP","People and Nature",NA,"No",NA,NA,NA,NA,NA,NA,NA,NA,NA,NA,NA,NA,NA,NA,"No",NA,NA,NA,NA,NA,"people and nature"
2025-07-03 11:45:37.307,"MP","TRENDS IN ECOLOGY & EVOLUTION",NA,"Out of scope for this journal",NA,NA,NA,NA,NA,NA,NA,NA,NA,NA,NA,NA,NA,NA,"No",NA,NA,NA,NA,NA,"trends in ecology & evolution"
2025-07-03 11:46:31.144,"MP","ACTA AMAZONICA",NA,"No",NA,NA,NA,NA,NA,NA,NA,NA,NA,NA,NA,NA,NA,NA,"No",NA,NA,NA,NA,NA,"acta amazonica"
2025-07-03 11:48:09.742,"MP","AUSTRALIAN SYSTEMATIC BOTANY",NA,"No",NA,NA,NA,NA,NA,NA,NA,NA,NA,NA,NA,NA,NA,NA,"No",NA,NA,NA,NA,NA,"australian systematic botany"
2025-07-03 11:49:59.913,"MP","Ecological Solutions and Evidence",NA,"No",NA,NA,NA,NA,NA,NA,NA,NA,NA,NA,NA,NA,NA,NA,"No",NA,NA,NA,NA,NA,"ecological solutions and evidence"
2025-07-03 11:52:16.294,"MP","NEW ZEALAND JOURNAL OF ECOLOGY",NA,"No",NA,NA,NA,NA,NA,NA,NA,NA,NA,NA,NA,NA,NA,NA,"No",NA,NA,NA,NA,NA,"new zealand journal of ecology"
2025-07-03 11:53:55.928,"MP","WETLANDS",NA,"No",NA,NA,NA,NA,NA,NA,NA,NA,NA,NA,NA,NA,NA,NA,"No",NA,NA,NA,NA,NA,"wetlands"
2025-07-03 11:55:45.655,"MP","AMERICAN JOURNAL OF PHYSICAL ANTHROPOLOGY",NA,"No",NA,NA,NA,NA,NA,NA,NA,NA,NA,NA,NA,NA,NA,NA,"No",NA,NA,NA,NA,NA,"american journal of physical anthropology"
2025-07-03 11:57:22.344,"MP","Theoretical and Applied Ecology",NA,"No",NA,NA,NA,NA,NA,NA,NA,NA,NA,NA,NA,NA,NA,NA,"No",NA,"COULD NOT ACCESS THE JOURNAL'S WEBSITE",NA,NA,NA,"theoretical and applied ecology"
2025-07-03 12:01:07.241,"MP","BIOLOGICAL JOURNAL OF THE LINNEAN SOCIETY",NA,"No",NA,NA,NA,NA,NA,NA,NA,NA,NA,NA,NA,NA,NA,NA,"Yes",NA,NA,"The Biological Journal of the Linnean Society is the Linnean Society’s longest standing journal. It publishes novel research of biological significance (up to a maximum of 12,000 words). / We welcome manuscripts of four types: critical reviews of topical and/or contentious areas in evolutionary biology (~9000 words), full original articles reporting the findings of original research (~9000 words), short original articles presenting concise original research (limit 3500 words and normally no more than two figures and two tables), and comments on papers published in the Journal or presenting novel ideas relating to the wider literature (limit 3000 words).","https://academic.oup.com/biolinnean/pages/About / https://academic.oup.com/biolinnean/pages/General_Instructions",NA,"biological journal of the linnean society"
2025-07-03 12:07:06.459,"MP","Nature Ecology & Evolution",NA,"Yes","Tab Registered Reports","High-value replication studies are welcome in addition to novel studies.","https://www.nature.com/natecolevol/submission-guidelines/registeredreports",NA,NA,NA,NA,"Yes","Accept with neutral/no position","TOP 3: RR",NA,NA,NA,NA,"Yes",NA,NA,"An Article is a substantial novel research study, with a complex story often involving several techniques or approaches. / The journal aims to publish research that represents a significant scientific advance and is of relevance to a broad, multidisciplinary audience. High-value replication studies are welcome in addition to novel studies.","https://www.nature.com/natecolevol/content / https://www.nature.com/natecolevol/submission-guidelines/registeredreports",NA,"nature ecology & evolution"
2025-07-03 12:08:49.354,"MP","DIVERSITY AND DISTRIBUTIONS",NA,"No",NA,NA,NA,NA,NA,NA,NA,NA,NA,NA,NA,NA,NA,NA,"Yes",NA,NA,"Submissions must derive novel insights from biogeographic patterns and processes and biodiversity status and trends. / What are the novel insights your manuscript provides into biogeographic patterns and processes, or on biodiversity status and trends?","https://onlinelibrary.wiley.com/page/journal/14724642/homepage/productinformation.html / https://onlinelibrary.wiley.com/page/journal/14724642/homepage/forauthors.html",NA,"diversity and distributions"
2025-07-03 12:12:31.201,"MP","Arctic Science",NA,"No",NA,NA,NA,NA,NA,NA,NA,NA,NA,NA,NA,NA,NA,NA,"No",NA,"Not sure about novelty; Novelty only for 'Perspective' article type.","Perspective: A focussed, well-argued article that presents a novel idea or perspective that challenges current thinking on Arctic science issues.","https://cdnsciencepub.com/journal/as/authors#guidelines",NA,"arctic science"
2025-07-03 12:14:44.717,"MP","Molecular Ecology Resources",NA,"Out of scope for this journal",NA,NA,NA,NA,NA,NA,NA,NA,NA,NA,NA,NA,NA,NA,NA,NA,NA,NA,NA,NA,"molecular ecology resources"
2025-07-03 12:22:34.385,"MP","ENVIRONMENTAL BIOLOGY OF FISHES",NA,"Yes","Journal Author instructions/guidelines","The journal will not consider submissions of limited international interest or lacking a substantial impact. In addition, papers that merely comprise data collections based on the use of routine analytical methods are not acceptable. Repetition of already published knowledge, simply applied to the local level, will not be considered, nor will papers that do not highlight and explain clearly the new science versus the current knowledge.","https://link.springer.com/journal/10641/submission-guidelines",NA,NA,NA,NA,"No",NA,NA,NA,"Not accept",NA,NA,"Yes",NA,NA,"Original Papers are original manuscripts that contain new findings in research consistent with the Journal’s aims and scope.

This would include, but is not limited to, new research findings in the fields of ecology, life history, epigenetics, behavior, physiology, morphology and evolution of marine and freshwater fishes. Original Papers can include the presentation of new hypotheses and experiments, concepts or theories, development of innovative experimental or numerical methods, or novel applications of existing methods and models, as well as research exploring the relationship between fishes and their external and internal environments.","https://link.springer.com/journal/10641/submission-guidelines",NA,"environmental biology of fishes"
2025-07-03 12:24:57.963,"MP","GLOBAL ECOLOGY AND BIOGEOGRAPHY",NA,"No",NA,NA,NA,NA,NA,NA,NA,NA,NA,NA,NA,NA,NA,NA,"No",NA,NA,NA,NA,NA,"global ecology and biogeography"
2025-07-03 12:30:44.287,"MP","Ecology and Evolution",NA,"Yes","Journal Author instructions/guidelines","Replication Experiments

Applying an experiment that was informative for another species to a new species results in great science, as it allows us to compare the results of the new study to previous iterations of the experiment—one study acts as context for the other. This approach often results in a series of papers from a research group. At Ecology and Evolution, we wish to foster reproducibility by asking authors of replicated experiments to fully reference the original iteration of their experiment. We also strongly suggest that authors number such papers (e.g. “The Effects of Climate Change on Food Production: study 1, Tomatoes,” and “The Effects of Climate Change on Food Production: study 2, Potatoes”) to help highlight the similarities and differences discovered during series work.","https://onlinelibrary.wiley.com/page/journal/20457758/homepage/forauthors.html",NA,NA,NA,NA,"Yes","Accept and encourage","Generally accepts",NA,NA,NA,NA,"No",NA,"Not sure if replication experiments are accepted as RRs.",NA,NA,NA,"ecology and evolution"
2025-07-03 12:32:42.643,"MP","EVOLUTION",NA,"No",NA,NA,NA,NA,NA,NA,NA,NA,NA,NA,NA,NA,NA,NA,"Yes",NA,NA,"We particularly encourage Insights that demonstrate ways in which new observations or methods can pose or answer novel or previously intractable questions. / Demonstrating a well-established phenomenon in another taxon or context may fall short of being acceptable for the Journal.","https://academic.oup.com/evolut/pages/general-instructions",NA,"evolution"
2025-07-03 12:38:14.222,"MP","ECOLOGICAL MODELLING",NA,"No",NA,NA,NA,NA,NA,NA,NA,NA,NA,NA,NA,NA,NA,NA,"Yes",NA,NA,"Ecological Modelling publishes new mathematical models and systems analysis for describing ecological processes, and novel applications of models for environmental management. / Highlights are a short collection of bullet points that should capture the novel results of your research as well as any new methods used during your study.",NA,NA,"ecological modelling"
2025-07-03 12:39:14.999,"MP","JOURNAL OF NATURAL HISTORY",NA,"No",NA,NA,NA,NA,NA,NA,NA,NA,NA,NA,NA,NA,NA,NA,"No",NA,NA,NA,NA,NA,"journal of natural history"
2025-07-03 12:40:25.567,"MP","ORGANISMS DIVERSITY & EVOLUTION",NA,"No",NA,NA,NA,NA,NA,NA,NA,NA,NA,NA,NA,NA,NA,NA,"No",NA,NA,NA,NA,NA,"organisms diversity & evolution"
2025-07-03 12:41:26.909,"MP","Biosystems Diversity",NA,"No",NA,NA,NA,NA,NA,NA,NA,NA,NA,NA,NA,NA,NA,NA,"Yes",NA,NA,"Biosystems Diversity focuses on good-quality research, reporting scientifically sound observations and valid conclusions, which bring new and important information to the attention of the wider international scientific community.","https://ecology.dp.ua/index.php/ECO/aims-and-scope",NA,"biosystems diversity"
2025-07-03 12:43:01.794,"MP","PALEOBIOLOGY",NA,"No",NA,NA,NA,NA,NA,NA,NA,NA,NA,NA,NA,NA,NA,NA,"No",NA,NA,NA,NA,NA,"paleobiology"
2025-07-03 12:45:11.593,"MP","WILDLIFE BIOLOGY",NA,"No",NA,NA,NA,NA,NA,NA,NA,NA,NA,NA,NA,NA,NA,NA,"No",NA,NA,NA,NA,NA,"wildlife biology"
2025-07-03 12:46:42.592,"MP","Israel Journal of Ecology & Evolution",NA,"No",NA,NA,NA,NA,NA,NA,NA,NA,NA,NA,NA,NA,NA,NA,"No",NA,NA,NA,NA,NA,"israel journal of ecology & evolution"
2025-07-03 12:47:26.293,"MP","APPLIED ECOLOGY AND ENVIRONMENTAL RESEARCH",NA,"No",NA,NA,NA,NA,NA,NA,NA,NA,NA,NA,NA,NA,NA,NA,"No",NA,NA,NA,NA,NA,"applied ecology and environmental research"
2025-07-03 12:49:13.775,"MP","Evolutionary Human Sciences",NA,"No",NA,NA,NA,NA,NA,NA,NA,NA,NA,NA,NA,NA,NA,NA,"No",NA,NA,NA,NA,NA,"evolutionary human sciences"
2025-07-03 12:53:02.71,"MP","JOURNAL OF WILDLIFE MANAGEMENT",NA,"No",NA,NA,NA,NA,NA,NA,NA,NA,NA,NA,NA,NA,NA,NA,"No",NA,NA,NA,NA,NA,"journal of wildlife management"
2025-07-03 12:55:27.354,"MP","Ecological Processes",NA,"No",NA,NA,NA,NA,NA,NA,NA,NA,NA,NA,NA,NA,NA,NA,"No",NA,NA,NA,NA,NA,"ecological processes"
2025-07-03 13:04:36.357,"MP","Freshwater Science",NA,"No",NA,NA,NA,NA,NA,NA,NA,NA,NA,NA,NA,NA,NA,NA,"No",NA,NA,NA,NA,NA,"freshwater science"
2025-07-03 13:07:25.506001,"MP","AQUATIC MICROBIAL ECOLOGY",NA,"No",NA,NA,NA,NA,NA,NA,NA,NA,NA,NA,NA,NA,NA,NA,"Yes",NA,NA,"Research Article:	Describing novel research / Note: Brief report on novel findings not warranting a full Research Article but significant enough for publication / Emphasize timeliness and novel aspects of the work (this is particularly important for Notes)","https://www.int-res.com/for-authors/author-guidelines",NA,"aquatic microbial ecology"
2025-07-03 13:09:22.971,"MP","Aquatic Invasions",NA,"No",NA,NA,NA,NA,NA,NA,NA,NA,NA,NA,NA,NA,NA,NA,"No",NA,"This one was tricky -- discussion point about novelty. Covering letter (Word 2007 file): as part of the process of submission, authors are also kindly requested to provide an electronic covering letter to editors of Aquatic Invasions, explaining why the work is novel, topical (under the scope of the journal - please check at the Journal Information page) and of broad international interest.","Covering letter (Word 2007 file): as part of the process of submission, authors are also kindly requested to provide an electronic covering letter to editors of Aquatic Invasions, explaining why the work is novel, topical (under the scope of the journal - please check at the Journal Information page) and of broad international interest.",NA,NA,"aquatic invasions"
